First Name ,Last Name,Gender,Ethnicity,Place Of Birth,Religion,Class
Aaron,Johnson,Male,English,USA,Jewish,Real
Abraham,Lincoln,Male,English and Welsh,USA,Christian,Real
Adam,Sandler,Male,Jewish-American,USA,Jewish,Real
Adele,Adkins,Female,English,USA,Christian,Real
Adilson,Motter,Male,Brazilian,USA,Unknown,Real
Al,Capone,Male,Italian-American,USA,Christian,Real
Alan,Goldstein,Male,Jewish-American,USA,Jewish,Real
Alan,Perlis,Male,Jewish,USA,Jewish,Real
Albert,Coons,Male,English,USA,Jewish,Real
Albert,Einstein,Male,German-Jewish,USA,Atheist,Real
Albert,Ellis,Male,English,USA,Atheist,Real
Albert,Ghiorso,Male,Italian,USA,Atheist,Real
Alejandro,Jenkins,Male,Latin American,USA,Unknown,Real
Alexander,Bell,Male,Scottish,USA,Agnostic,Real
Alexander,Hamilton,Male,Scottish,USA,Christian,Real
Alfre,Woodard,Female,African-American,USA,Christian,Real
Alfred,Hershey,Male,American,USA,Christian,Real
Alfred,Copley,Male,White American,USA,Unknown,Real
Alfred,Loomis,Male,White American,USA,Unknown,Real
Alfred,Stieglitz,Male,White American,USA,Jewish,Real
Alicia,Vikander,Female,Swedish,USA,Atheist,Real
Allan,Rechtschaffen,Male,White American,USA,Unknown,Real
Allan,Schore,Male,White American,USA,Unknown,Real
Allen,Steere,Male,White American,USA,Christian,Real
Allenna,Leonard,Female,White American,USA,Spiritualist,Real
Amasa,Bishop,Male,White American,USA,Christian,Real
Amelia,Earhart,Female,American,USA,Christian,Real
Amerigo,Vespucci,Male,Italian,USA,Christian,Real
Amy,Poehler,Female,"Irish, German, and Portuguese",USA,Christian,Real
Amy,Schumer,Female,Jewish-American,USA,Jewish,Real
Anatol,Rapoport,Male,Russian-American,USA,Jewish,Real
Andrea,Ghez,Female,Jewish-American,USA,Jewish,Real
Andrew,Carnegie,Male,Scottish,USA,Atheist,Real
Andrew,Jackson,Male,Scots-Irish,USA,Christian,Real
Andy,Warhol,Male,Slovak-American,USA,Christian,Real
Angela,Bassett,Female,African-American,USA,Christian,Real
Angelina,Jolie,Female,American,USA,Christian,Real
Anita,Roberts,Female,White American,USA,Unknown,Real
Ann,Kiessling,Female,White American,USA,Unknown,Real
Ann,Caracristi,Female,White American,USA,Unknown,Real
Anne,Hathaway,Female,White American,USA,Christian,Real
Anne,Hutchinson,Female,White American,USA,Christian,Real
Ansel,Adams,Male,White American,USA,Spiritualist,Real
Ansel,Elgort,Male,White American,USA,Jewish,Real
Anthony,Anderson,Male,African-American,USA,Christian,Real
Anthony,Atala,Male,Honduran-American,USA,Unknown,Real
Anthony,Cerami,Male,Italian-American,USA,Christian,Real
Antonio,Meucci,Male,Italian,USA,Unknown,Real
Arden,Bement,Male,White American,USA,Unknown,Real
Ariana,Grande,Female,Italian-American,USA,Christian,Real
Arnold,Schwarzenegger,Male,Austrian,USA,Christian,Real
Arthur,Robinson,Male,White American,USA,Christian,Real
Arthur,Raymond,Male,White American,USA,Unknown,Real
Arthur,Wright,Male,White American,USA,Unknown,Real
Aseem,Shukla,Male,Indian-American,USA,Hinduism,Real
Ashton,Kutcher,Male,American,USA,Christian,Real
August,Dvorak,Male,Czech-American,USA,Christian,Real
Avi,Ben-Abraham,Male,Israeli-American,USA,Jewish,Real
Aziz,Ansari,Male,Indian-American,USA,Muslim,Real
Babe,Ruth,Male,German-American,USA,Christian,Real
Barack,Obama,Male,African-American,USA,Unknown,Real
Barbara,Bush,Female,American,USA,Christian,Real
Barbara,Mcclintock,Female,White American,USA,Unknown,Real
Barrie,Gilbert,Male,White American,USA,Unknown,Real
Barry,Stevens,Male,White American,USA,Christian,Real
Becky,Packard,Female,White American,USA,Unknown,Real
Ben,Stiller,Male,Jewish-American,USA,Jewish,Real
Benedict,Arnold,Male,White American,USA,Christian,Real
Benjamin,Franklin,Male,English,USA,Christian,Real
Benjamin,Hsiao,Male,Chinese-American,USA,Unknown,Real
Benjamin,Thompson,Male,White American,USA,Christian,Real
Bernard,Budiansky,Male,White American,USA,Unknown,Real
Bert,Vogelstein,Male,White American,USA,Unknown,Real
Berta,Scharrer,Female,German American,USA,Unknown,Real
Bette,Davis,Female,White American,USA,Christian,Real
Beyonce,Knowles,Female,African-American,USA,Christian,Real
Bill,Burr,Male,Irish-American,USA,Christian,Real
Bill,Clinton,Male,American,USA,Christian,Real
Bill,Cosby,Male,African-American,USA,Christian,Real
Bill,Gates,Male,American,USA,Christian,Real
Bill,Maher,Male,White American,USA,Christian,Real
Bill,Murray,Male,White American,USA,Christian,Real
Billie,King,Female,White American,USA,Christian,Real
Billy,Graham,Male,White American,USA,Christian,Real
Billy,Porter,Male,African-American,USA,Christian,Real
Billy,Kid,Male,White American,USA,Christian,Real
Bob,Dylan,Male,White American,USA,Christian,Real
Bob,Hope,Male,White American,USA,Christian,Real
Bonnie,Templeton,Female,White American,USA,Unknown,Real
Bonnie,Wright,Female,White British,USA,Christian,Real
Brad,Pitt,Male,White American,USA,Christian,Real
Bradley,Cooper,Male,White American,USA,Christian,Real
Brett,Favre,Male,White American,USA,Christian,Real
Brian,Hayes,Male,White American,USA,Christian,Real
Brian,Kobilka,Male,White American,USA,Unknown,Real
Brian,Macwhinney,Male,White American,USA,Unknown,Real
Brian,O'Leary,Male,White American,USA,Unknown,Real
Brian,Wansink,Male,White American,USA,Unknown,Real
Brie,Larson,Female,White American,USA,Christian,Real
Brigham,Young,Male,White American,USA,Christian,Real
Bruce E.,Maryanoff,Male,White American,USA,Unknown,Real
Bruce,Jakosky,Male,White American,USA,Unknown,Real
Bruce,Willis,Male,White American,USA,Christian,Real
Bruno,Mars,Male,"Filipino, Puerto Rican, and Ashkenazi Jewish American",USA,Jewish,Real
Brian,Wilson,Male,White American,USA,Atheist,Real
Caleb,Finch,Male,White American,USA,Unknown,Real
Calvin,Goddard,Male,White American,USA,Unknown,Real
Camellia,Okpodu,Female,African-American,USA,Unknown,Real
Cameron,Diaz,Female,Cuban-American,USA,Unknown,Real
Cardi B,,Female,"African American, Dominican and Trinidadian",USA,Christian,Real
Carl,Froch,Male,White British,USA,Jewish,Real
Carl,Sagan,Male,Jewish-American,USA,Jewish,Real
Carl,Woese,Male,White American,USA,Atheist,Real
Carlos,Castillo-Chavez,Male,Mexican-American,USA,Unknown,Real
Carol,Greider,Female,White American,USA,Unknown,Real
Caryl,Parker Haskins,Female,White American,USA,Unknown,Real
Cecil,Howard Green,Male,White American,USA,Unknown,Real
Celeste,Mccollough,Female,White American,USA,Unknown,Real
César,Chávez,Male,Mexican-American,USA,Christian,Real
Chadwick,Boseman,Male,African-American,USA,Christian,Real
Chance,The Rapper,Male,African-American,USA,Christian,Real
Charles,Anthony Schott,Male,White American,USA,Unknown,Real
Charles B.,Hensley,Male,White American,USA,Unknown,Real
Charles,Barkley,Male,African-American,USA,Jewish,Real
Charles,Brenner,Male,White American,USA,Unknown,Real
Charles,Claude Guthrie,Male,White American,USA,Unknown,Real
Charles,David Keeling,Male,White American,USA,Unknown,Real
Charles,Beecher,Male,White American,USA,Christian,Real
Charles F.,Winslow,Male,White American,USA,Unknown,Real
Charles K.,Kao,Male,Chinese,USA,Christian,Real
Charles,Lindbergh,Male,White American,USA,Atheist,Real
Charles,Manson,Male,White American,USA,Scientology,Real
Charles,Proteus Steinmetz,Male,German American,USA,Christian,Real
Charlie,Chaplin,Male,English,USA,Christian,Real
Charlize,Theron,Female,South African,USA,Pagan,Real
Chelsea,Handler,Female,Jewish-American,USA,Jewish,Real
Chester,Dewey,Male,White American,USA,Christian,Real
Chevy,Chase,Male,White American,USA,Christian,Real
Childs,Frick,Male,White American,USA,Unknown,Real
Clarence,Madison Dally,Male,White American,USA,Unknown,Real
Clifford,Shull,Male,White American,USA,Unknown,Real
Clint,Eastwood,Male,White American,USA,Christian,Real
Colin,Jost,Male,White American,USA,Christian,Real
Colin,Powell,Male,African-American and Jamaican,USA,Christian,Real
Conan,O'Brien,Male,Irish-American,USA,Christian,Real
Condoleezza,Rice,Female,African-American,USA,Christian,Real
Cornelius,Vanderbilt,Male,White American,USA,Christian,Real
Cotton,Mather,Male,White American,USA,Christian,Real
Courteney,Cox,Female,White American,USA,Christian,Real
Craig,Hill,Male,White American,USA,Unknown,Real
Cynthia,Maryanoff,Female,White American,USA,Unknown,Real
Dakota,Johnson,Female,White American,USA,Christian,Real
Dan,Aykroyd,Male,White Canadian,USA,Spiritualist,Real
Dan,Harmon,Male,White American,USA,Atheist,Real
Dan,Otte,Male,White American,USA,Unknown,Real
Daniel,Gajdusek,Male,White American,USA,Unknown,Real
Daniel,Radcliffe,Male,White British,USA,Jewish,Real
Dave,Attell,Male,White American,USA,Jewish,Real
Dave,Chappelle,Male,African-American,USA,Muslim,Real
Daveed,Diggs,Male,African-American,USA,Jewish,Real
David,Lane,Male,Unknown,USA,Christian,Real
David,E. Kuhl,Male,German-American,USA,Unknown,Real
David,Brienza,Male,Italian-American,USA,Unknown,Real
David,Schmitt,Male,German-American,USA,Unknown,Real
David,Rittenhouse,Male,German-American,USA,Christian,Real
David,Schwimmer,Male,Ashkenazi Jewish,USA,Jewish,Real
David,Lykken,Male,Norwegian-American,USA,Unknown,Real
Dean,Hoge,Male,Unknown,USA,Christian,Real
Debora,Hammond,Female,Unknown,USA,Unknown,Real
Demi,Lovato,Female,Mexican-American,USA,Christian,Real
Dennis,Mccarthy,Male,Irish-American,USA,Unknown,Real
Denzel,Curry,Male,African-American,USA,Atheist,Real
Denzel,Washington,Male,African-American,USA,Christian,Real
Dian,Fossey,Female,White American,USA,Unknown,Real
Don,Catlin,Male,White American,USA,Unknown,Real
Don,Cheadle,Male,African-American,USA,Unknown,Real
Don,Craig Wiley,Male,White American,USA,Unknown,Real
Donald,Glover,Male,African-American,USA,Christian,Real
Donald,Keck,Male,White American,USA,Unknown,Real
Donald,Trump,Male,German and Scottish,USA,Christian,Real
Doris,Taylor,Female,White American,USA,Unknown,Real
Dwight,Crandell,Male,White American,USA,Unknown,Real
Dwight D.,Eisenhower,Male,"German, Swiss, and English",USA,Christian,Real
E. Converse,Peirce 2Nd,Male,White American,USA,Unknown,Real
Eastman,Jacobs,Male,White American,USA,Unknown,Real
Ebenezer,Kinnersley,Male,English-American,USA,Religious Rationalism,Real
Ed,Seykota,Male,White American,USA,Unknown,Real
Ed,Sheeran,Male,Irish,USA,Christian,Real
Eddie,Murphy,Male,African-American,USA,Christian,Real
Edith,Wharton,Female,White American,USA,Christian,Real
Edmund B.,Delabarre,Male,White American,USA,Unknown,Real
Edmund,Ruffin Iii,Male,White American,USA,Unknown,Real
Edmund,Sonnenblick,Male,Jewish,USA,Unknown,Real
Edward,Kasner,Male,Jewish,USA,Jewish,Real
Edward O.,Thorp,Male,White American,USA,Unknown,Real
Emily,Smith,Female,Jewish-American,"London, Uk",Christianity,Fake
Olivia,Johnson,Female,African-American,"Paris, France",Islam,Fake
Ava,Williams,Female,White American,"Rome, Italy",Hinduism,Fake
Sophia,Jones,Male,Italian-American,"Berlin, Germany",Buddhism,Fake
Abigail,Brown,Male,African-American,"Madrid, Spain",Judaism,Fake
Charlotte,Davis,Female,Jewish-American,"Rio De Janeiro, Brazil",Taoism,Fake
Isabella,Garcia,Female,Irish-American,"Cairo, Egypt",Shinto,Fake
Mia,Rodriguez,Male,African-American,"Jakarta, Indonesia",Sikhism,Fake
Madison,Martin,Female,Irish,"Caracas, Venezuela",Jainism,Fake
Harper,Thompson,Male,"American, Ashkenazi Jewish","Nairobi, Kenya",Zoroastrianism,Fake
Elizabeth,Moore,Male,South African-American,"Toronto, Azerbaijan",Baha'I Faith,Fake
Evelyn,Anderson,Female,"English, Scottish","Istanbul, Tajikistan",Confucianism,Fake
Avery,Taylor,Female,"African-American, Cherokee, European","Bangkok, Lebanon",Wicca,Fake
Ella,Jackson,Female,"Irish, Italian","Brussels, Saudi Arabia",Paganism,Fake
Chloe,White,Male,Italian-American,"Lima, Sudan",Spiritism,Fake
Emily,Davis,Male,Irish,"Moscow, Seychelles",Tenrikyo,Fake
Sophia,Rodriguez,Female,Irish-American,"Beijing, Mauritius",Eckankar,Fake
Olivia,Martin,Female,"English, Irish, Scottish, Welsh","Sydney, Cape Verde",Unitarian Universalism,Fake
Ava,Anderson,Female,Irish-American,"Mumbai, Guinea - Bissau",Shincheonji Church Of Jesus,Fake
Abigail,Taylor,Female,"Ashkenazi Jewish, Canadian","Toronto, Senegal",Rastafarianism,Fake
Charlotte,Jackson,Female,Italian and German-American,"Santiago, Chad",Scientology,Fake
Isabella,White,Male,American,"Toronto, Azerbaijan",New Age Spirituality,Fake
Mia,Thompson,Male,"American, Caucasian","Istanbul, Tajikistan",Theosophy,Fake
Madison,Brown,Female,Swiss-American,"Johannesburg, Turkmenistan",Aetherius Society,Fake
Harper,Garcia,Female,Cuban-American,"Lima, Kazakhstan",Subud,Fake
Elizabeth,Jones,Female,Dutch-American,"Santiago, Afghanistan",Falun Gong,Fake
Evelyn,Moore,Female,Irish-American,"Mexico City, Palestine",Hare Krishna,Fake
Avery,Williams,Male,White American,"Bangkok, Lebanon",Mandaeism,Fake
Ella,Smith,Female,African-American and Jamaican,"Seoul, Syria",The Church Of Jesus Christ Of Latter-Day Saints,Fake
Chloe,Davis,Female,Irish-American,"Amsterdam, Kuwait",The Church Of Satan,Fake
Emily,Rodriguez,Male,White Canadian,"Brussels, Saudi Arabia",Discordianism,Fake
Sophia,Martin,Female,English,"Tel Aviv, Palestine",Eckhart Tolle'S Teachings,Fake
Olivia,Anderson,Female,"Irish, Northern Irish, Jewish","Tunis, Algeria",Gurdjieff'S Fourth Way,Fake
Ava,Taylor,Male,"Ashkenazi Jewish, English, German","Lima, Sudan",The Findhorn Foundation,Fake
Abigail,Jackson,Female,"Irish, Scottish, Welsh","Istanbul, Somalia",The School Of Economic Science,Fake
Charlotte,White,Female,American,"Paris, Eritrea",The Transcendental Meditation Movement,Fake
Isabella,Thompson,Female,"Ashkenazi Jewish, Danish","Berlin, Djibouti",The Art Of Living Foundation,Fake
Mia,Brown,Male,Italian,"Moscow, Seychelles",The International Society For Krishna Consciousness,Fake
Madison,Garcia,Male,Italian-American,"Beijing, Mauritius",The Kabbalah Centre,Fake
Harper,Jones,Female,"African, Irish, Scottish","Tokyo, São Tomé And Príncipe",The Law Of Attraction,Fake
Elizabeth,Moore,Male,Scottish,"Sydney, Cape Verde",The New Thought Movement,Fake
Evelyn,Williams,Male,Russian-American,"Mumbai, Guinea - Bissau",The Secret,Fake
Avery,Smith,Male,Chinese-American,"Toronto, Senegal",The Tao Of Physics,Fake
Ella,Davis,Female,British,"Istanbul, The Sierra Leone",The Urantia Book,Fake
Chloe,Rodriguez,Male,Turkish,"Santiago, Chad",The Unity Church,Fake
Emily,Martin,Female,"Irish, German, and Portuguese","Bangkok, Mauritania",The Way International,Fake
Sophia,Anderson,Female,German-American,"New York, Usa",Theosophical Society In America,Fake
Olivia,Taylor,Female,"English, Swiss, Creole, African American","Sydney, Belarus",Universal Life Church,Fake
Ava,Jackson,Female,Belgian-American,"Mumbai, Georgia",Agnosticism,Fake
Abigail,White,Female,Ashkenazi Jewish,"Rio De Janeiro, Armenia",Atheism,Fake
Charlotte,Thompson,Male,Mexican-American,"Toronto, Azerbaijan",Humanism,Fake
Isabella,Brown,Male,"African-American, Dominican and Trinidadian","Istanbul, Tajikistan",Rationalism,Fake
Mia,Garcia,Female,Italian-American,"Johannesburg, Turkmenistan",Skepticism,Fake
Madison,Jones,Male,Vietnamese-American,"Lima, Kazakhstan",Deism,Fake
Harper,Moore,Female,"Mexican, Italian","Santiago, Afghanistan",Pantheism,Fake
Elizabeth,Williams,Male,"Irish, English, Scottish, German, Welsh","Mexico City, Palestine",Panentheism,Fake
Evelyn,Smith,Male,"German, Swiss, and English","Bangkok, Lebanon",Polytheism,Fake
Avery,Davis,Male,Irish-American,"Seoul, Syria",Monotheism,Fake
Ella,Rodriguez,Male,Irish,"Amsterdam, Kuwait",Henotheism,Fake
Chloe,Martin,Male,African-American,"Brussels, Saudi Arabia",Animism,Fake
Emily,Anderson,Female,American - British,"Tel Aviv, Palestine",Totemism,Fake
Sophia,Taylor,Female,White Australian,"Tunis, Algeria",Ancestor Veneration,Fake
Olivia,Jackson,Female,Jewish,"Lima, Sudan",Spiritism,Fake
Ava,White,Male,"Irish, Scottish","Istanbul, Somalia",Voodoo,Fake
Abigail,Thompson,Female,South African,"Paris, Eritrea",Santería,Fake
Charlotte,Brown,Female,"English, Irish, Scottish","Berlin, Djibouti",Palo Mayombe,Fake
Isabella,Garcia,Female,"Filipino, Puerto Rican, and Ashkenazi Jewish American","Moscow, Seychelles",Candomble,Fake
Mia,Jones,Female,White American,"Beijing, Mauritius",Umbanda,Fake
Madison,Moore,Male,African-American,"Tokyo, São Tomé And Príncipe",Shinto,Fake
Harper,Williams,Female,"Ashkenazi Jewish, Czech, Swedish","Sydney, Cape Verde",Shintoism,Fake
Elizabeth,Smith,Male,"Dutch, Scottish, English, French","Mumbai, Guinea - Bissau",Shintō,Fake
Evelyn,Davis,Female,Irish and English,"Toronto, Senegal",Taoism,Fake
Avery,Rodriguez,Female,Greek-American,"Istanbul, The Sierra Leone",Daoism,Fake
Ella,Martin,Male,Irish-American,"Santiago, Chad",Confucianism,Fake
Chloe,Anderson,Female,English and Welsh,"Bangkok, Mauritania",Legalism,Fake
Emily,Taylor,Male,White British,"New York, Usa",Mohism,Fake
Sophia,Jackson,Female,Austrian,"Nairobi, South Sudan",Hinduism,Fake
Olivia,White,Male,Irish-American,"Toronto, Azerbaijan",Brahmanism,Fake
Ava,Thompson,Female,Portuguese-American,"Istanbul, Tajikistan",Vaishnavism,Fake
Abigail,Brown,Male,Scottish-American,"Johannesburg, Turkmenistan",Shaivism,Fake
Charlotte,Garcia,Male,"American, Ashkenazi Jewish","Lima, Kazakhstan",Shaktism,Fake
Isabella,Jones,Female,Irish-American,"Santiago, Afghanistan",Smartism,Fake
Mia,Moore,Male,Norwegian-American,"Mexico City, Palestine",Jainism,Fake
Madison,Williams,Male,African-American,"Bangkok, Lebanon",Digambara,Fake
Harper,Smith,Male,"Irish, French, Ukrainian, German","Seoul, Syria",Śvētāmbara,Fake
Elizabeth,Davis,Male,White Canadian,"Amsterdam, Kuwait",Buddhism,Fake
Evelyn,Rodriguez,Male,African-American,"Brussels, Saudi Arabia",Theravada,Fake
Avery,Martin,Female,Korean American,"Tel Aviv, Palestine",Mahayana,Fake
Ella,Anderson,Male,"African-American, Jewish","Tunis, Algeria",Vajrayana,Fake
Chloe,Taylor,Male,African-American,"Lima, Sudan",Zen,Fake
Emily,Jackson,Female,"English, Irish, Scottish, French descent","Istanbul, Somalia",Nichiren Buddhism,Fake
Sophia,White,Female,White American,"Paris, Eritrea",Soka Gakkai,Fake
Olivia,Thompson,Female,"Ashkenazi Jewish, Canadian","Berlin, Djibouti",Shinran'S Teachings,Fake
Ava,Brown,Female,German and Scottish,"Moscow, Seychelles",Tendai,Fake
Abigail,Garcia,Male,"African-American, Italian-American","Beijing, Mauritius",Pure Land Buddhism,Fake
Charlotte,Jones,Female,African-American,"Tokyo, São Tomé And Príncipe",Fa-Hsiang,Fake
Isabella,Moore,Male,English-American,"Sydney, Cape Verde",Tiantai,Fake
Mia,Williams,Female,Irish-American,"Mumbai, Guinea - Bissau",Huayan,Fake
Madison,Boughannam,Female,"Irish, Scottish, Welsh","Toronto, Senegal",Zen Buddhism,Fake
Davis,Smith,Male,"Italian, French, Ukrainian, German","Istanbul, The Sierra Leone",Ch'An Buddhism,Fake
Brian,Kobilka,Male,White American,USA,Unknown,Real
Brian,Macwhinney,Male,Japanese American,USA,Unknown,Real
Brian,O'Leary,Male,Polish-American,USA,Unknown,Real
Brian,Wansink,Male,Ashkenazi Jewish,USA,Unknown,Real
Brie,Larson,Female,"Mexican, Irish, English",USA,Christian,Real
Brigham,Young,Male,African-American,USA,Christian,Real
Bruce,E. Maryanoff,Male,Irish-American,USA,Unknown,Real
Bruce,Jakosky,Male,White American,USA,Unknown,Real
Bruce,Willis,Male,American,Germany,Christian,Real
Bruno,Mars,Male,"American, Caucasian",USA,Jewish,Real
Brian,Wilson,Male,African-American,Uk,Atheist,Real
Caleb,Finch,Male,Barbadian,USA,Unknown,Real
Calvin,Goddard,Male,Caucasian,USA,Unknown,Real
Camellia,Okpodu,Female,Scottish,USA,Unknown,Real
Cameron,Diaz,Female,French-American,USA,Unknown,Real
Cardi B,,Female,White American,USA,Christian,Real
Carl,Froch,Male,White Canadian,Uk,Jewish,Real
Carl,Sagan,Male,"Irish, Scottish, German, Welsh",USA,Jewish,Real
Carl,Woese,Male,Italian and African American,USA,Atheist,Real
Carlos,Castillo-Chavez,Male,"African-American, Thai, Chinese, Dutch, and Native American",Mexico,Unknown,Real
Carol,Fowler,Female,White American,USA,Unknown,Real
Carol,Greider,Female,White American,USA,Unknown,Real
Caryl,Parker Haskins,Female,"American, Ashkenazi Jewish",USA,Unknown,Real
Cecil,Howard Green,Male,German-American,Uk,Unknown,Real
Celeste,Mccollough,Female,Colombian,USA,Unknown,Real
César,Chávez,Male,"British, Caucasian",USA,Christian,Real
Chadwick,Boseman,Male,"African American, Jewish",USA,Christian,Real
Chance,The Rapper,Male,African-American,USA,Christian,Real
Charles,Anthony Schott,Male,Dutch,Germany,Unknown,Real
Charles,B. Hensley,Male,African-American,USA,Unknown,Real
Charles,Barkley,Male,Serbian-American,USA,Jewish,Real
Charles,Brenner,Male,"Panamanian, Mexican, European",USA,Unknown,Real
Charles,Claude Guthrie,Male,African-American,USA,Unknown,Real
Charles,David Keeling,Male,"African-American, Dominican and Trinidadian",USA,Unknown,Real
Charles,Beecher,Male,"Irish, English, Scottish",USA,Christian,Real
Charles,F. Winslow,Male,British,USA,Unknown,Real
Charles,K. Kao,Male,"Irish, German, and Portuguese",China,Christian,Real
Charles,Lindbergh,Male,"Ashkenazi Jewish, Swedish, Czech",USA,Atheist,Real
Charles,Manson,Male,Ashkenazi Jewish,USA,Scientology,Real
Charles,Proteus Steinmetz,Male,Peruvian American,Poland,Christian,Real
Charlie,Chaplin,Male,"English, Irish, Scottish, Welsh, German",Uk,Christian,Real
Charlize,Theron,Female,"English, Scottish, Irish, French",South Africa,Pagan,Real
Chelsea,Handler,Female,Italian-American,USA,Jewish,Real
Chester,Dewey,Male,"Irish, Scottish, Welsh",USA,Christian,Real
Chevy,Chase,Male,Mexican-American,USA,Christian,Real
Childs,Frick,Male,"Irish, Italian",USA,Unknown,Real
Chris,Pratt,Male,White American,USA,Christian,Real
Chris,Rock,Male,White American,USA,Christian,Real
Cristopher,Columbus,Male,White American,Italy,Christian,Real
Christopher,Reeve,Male,African-American,USA,Christian,Real
Paul,Ching Wu Chu,Male,Chinese-American,China,Unknown,Real
Chuck,Yeager,Male,American,USA,Unknown,Real
Clarence,Madison Dally,Male,American,USA,Unknown,Real
Clifford,E. Brubaker,Male,American,USA,Unknown,Real
Clifford,Shull,Male,American,USA,Unknown,Real
Clint,Eastwood,Male,"English, Irish, Scottish",USA,Christian,Real
Colin,Jost,Male,"Irish, Italian",USA,Christian,Real
Colin,Powell,Male,"African, Irish, Scottish",USA,Christian,Real
Conan,O'Brien,Male,Irish,USA,Christian,Real
Condoleezza,Rice,Female,African-American,USA,Christian,Real
Cornelius,Vanderbilt,Male,Dutch,USA,Christian,Real
Cotton,Mather,Male,English,USA,Christian,Real
Courteney,Cox,Female,"English, Irish, Welsh, Scottish",USA,Christian,Real
Craig,Hill,Male,American,USA,Unknown,Real
Cynthia,Maryanoff,Female,American,USA,Unknown,Real
Dakota,Johnson,Female,"English, Welsh, Scottish, Irish, German",USA,Christian,Real
Dan,Aykroyd,Male,"English, Scottish, Irish, French",Canada,Spiritualist,Real
Dan,Harmon,Male,American,USA,Atheist,Real
Dan,Otte,Male,American,South Africa,Unknown,Real
Daniel,Gajdusek,Male,American,USA,Unknown,Real
Daniel,Radcliffe,Male,"Irish, Northern Irish, Jewish",Uk,Jewish,Real
Dave,Attell,Male,Ashkenazi Jewish,USA,Jewish,Real
Dave,Chappelle,Male,African-American,USA,Muslim,Real
Daveed,Diggs,Male,"African American, Jewish",USA,Jewish,Real
David,Lane,Male,American,USA,Christian,Real
David,E. Kuhl,Male,American,USA,Unknown,Real
David,Brienza,Male,American,USA,Unknown,Real
David,Schmitt,Male,American,USA,Unknown,Real
David,Rittenhouse,Male,American,USA,Christian,Real
David,Schwimmer,Male,Ashkenazi Jewish,USA,Jewish,Real
David,Lykken,Male,American,USA,Unknown,Real
Dean,Hoge,Male,American,USA,Christian,Real
Debora,Hammond,Female,American,USA,Unknown,Real
Demi,Lovato,Female,"Mexican, Irish, English",USA,Christian,Real
Dennis,Mccarthy,Male,American,USA,Unknown,Real
Denzel,Curry,Male,African-American,USA,Atheist,Real
Denzel,Washington,Male,African-American,USA,Christian,Real
Dian,Fossey,Female,American,USA,Unknown,Real
Don,Catlin,Male,American,USA,Unknown,Real
Don,Cheadle,Male,African-American,USA,Unknown,Real
Don,Craig Wiley,Male,American,USA,Unknown,Real
Donald,Glover,Male,African-American,USA,Christian,Real
Donald,Keck,Male,American,USA,Unknown,Real
Donald,Trump,Male,German and Scottish,USA,Christian,Real
Doris,Taylor,Female,American,USA,Unknown,Real
Dwight,Crandell,Male,American,USA,Unknown,Real
Dwight,D. Eisenhower,Male,"German, Swiss, and English",USA,Christian,Real
E. Converse,Peirce 2Nd,Male,Unknown,USA,Unknown,Real
Eastman,Jacobs,Male,Unknown,USA,Unknown,Real
Ebenezer,Kinnersley,Male,Unknown,Uk,Religious Rationalism,Real
Ed,Seykota,Male,Unknown,USA,Unknown,Real
Ed,Sheeran,Male,Irish and English,Uk,Christian,Real
Eddie,Murphy,Male,African-American,USA,Christian,Real
Edith,Wharton,Female,American,USA,Christian,Real
Edmund,B. Delabarre,Male,American,USA,Unknown,Real
Edmund,Ruffin Iii,Male,American,USA,Unknown,Real
Edmund,Sonnenblick,Male,American,USA,Unknown,Real
Edward,Kasner,Male,American,USA,Jewish,Real
Edward,O. Thorp,Male,American,USA,Unknown,Real
Edwin,B. Hart,Male,American,USA,Unknown,Real
Edwin,D. Kilbourne,Male,American,USA,Unknown,Real
Edwin,H. Land,Male,American,USA,Jewish,Real
Edwin,Hubble,Male,American,USA,Christian,Real
Edwin,Cohn,Male,American,USA,Unknown,Real
Eleanor,Roosevelt,Female,American,USA,Christian,Real
Eli,Lilly,Male,American,USA,Christian,Real
Elizabeth,Cady Stanton,Female,American,USA,Christian,Real
Ellen,Degeneres,Female,"English, Irish, and French descent",USA,Christian,Real
Ellen,White,Female,American,USA,Christian,Real
Elmer,L. Gaden,Male,American,USA,Unknown,Real
Eloise,Gerry,Female,American,USA,Unknown,Real
Elvis,Presley,Male,American,USA,Christian,Real
Emily,Blunt,Female,British,Uk,Christian,Real
Emily,Rosa,Female,American,USA,Unknown,Real
Emma,Stone,Female,American,USA,Christian,Real
Emma,Watson,Female,British,France,Spiritualist,Real
Eric,J. Heller,Male,American,USA,Unknown,Real
Erna,Schneider Hoover,Female,American,USA,Unknown,Real
Ernst,Guillemin,Male,French-American,USA,Unknown,Real
Eugeune,E. Covert,Male,American,USA,Unknown,Real
Evelyn,Boyd Granville,Female,African-American,USA,Unknown,Real
Fazle,Hussain,Male,Pakistani-American,Bangladesh,Muslim,Real
Ferid,Murad,Male,American,USA,Muslim,Real
Flossie,Wong-Staal,Female,Chinese-American,China,Unknown,Real
Forest,Whitaker,Male,African-American,USA,Christian,Real
Forrest,S. Mozer,Male,American,USA,Unknown,Real
Frances,Arnold,Female,American,USA,Unknown,Real
Francis,B. Foley,Male,American,USA,Unknown,Real
Francis,Schmitt,Male,American,USA,Unknown,Real
Francis,Peyton Rous,Male,American,USA,Unknown,Real
Francis,Peyton,Male,American,USA,Unknown,Real
Frank,Bunker Gilbreth,Male,American,USA,Unknown,Real
Frank,Bunker Gilbreth,Male,American,USA,Unknown,Real
Frank Lloyd,Lloyd Wright,Male,American,USA,Christian,Real
Frank,Sinatra,Male,Italian-American,USA,Christian,Real
Frank,"W. Bubb,Sr.",Male,American,USA,Unknown,Real
Franklin,D. Roosevelt,Male,American,USA,Christian,Real
Franklin,Seaney Cooper,Male,American,USA,Unknown,Real
Frederick,Douglass,Male,African-American,USA,Christian,Real
Frederick,Law Olmsted,Male,American,USA,Christian,Real
Frederick,Pearson Treadwell,Male,American,USA,Unknown,Real
Friedrich,Stephan,Male,German,USA,Unknown,Real
G. Marius,Clore,Male,Unknown,Uk,Unknown,Real
Gabrielle,Union,Female,African-American,USA,Christian,Real
Gal,Gadot,Female,Israeli,Israel,Jewish,Real
George,C. Royal,Male,American,USA,Unknown,Real
George,H. Miller,Male,American,USA,Unknown,Real
George,H.W Bush,Male,American,USA,Christian,Real
George,Lucas,Male,American,USA,Christian,Real
George,Poste,Male,British,Uk,Unknown,Real
George,R. Price,Male,American,USA,Christian,Real
George Robert,Robert Carruthers,Male,African-American,USA,Unknown,Real
George,S. Patton,Male,American,USA,Christian,Real
George,Starkey,Male,English-American,Bermuda,Unknown,Real
George,W. Bush,Male,American,USA,Christian,Real
George,W. Merck,Male,American,USA,Unknown,Real
George,Washington,Male,American,USA,Christian,Real
George,Washington Carver,Male,African-American,USA,Christian,Real
Georgia,O'Keeffe,Female,American,USA,Spiritualist,Real
Gerry,Neugebauer,Male,American,Germany,Unknown,Real
Gordon,Ferrie Hull,Male,American,Canada,Unknown,Real
Gordon,L. Kane,Male,American,USA,Unknown,Real
Gordon,Woods,Male,American,USA,Unknown,Real
Grace,Hooper,Female,American,USA,Unknown,Real
Greg,Tseng,Male,American,Taiwan,Unknown,Real
Grote,Reber,Male,American,USA,Unknown,Real
Guenter,Wendt,Male,German-American,Germany,Unknown,Real
Guy,Sternberg,Male,American,USA,Unknown,Real
Gwyneth,Paltrow,Female,American,USA,Jewish,Real
Halle,Berry,Female,African-American,USA,Unknown,Real
Harold,Cummins,Male,American,USA,Unknown,Real
Harold,Saxton Burr,Male,American,USA,Unknown,Real
Haroutioun,Hovanes Chakmakjian,Male,Armenian-American,Turkey,Unknown,Real
Harriet,Creighton,Female,American,USA,Unknown,Real
Harriet,Tubman,Female,African-American,USA,Christian,Real
Harry,Kloor,Male,American,USA,Unknown,Real
Harry,S. Truman,Male,American,USA,Christian,Real
Harry,Styles,Male,British,Uk,Christian,Real
Harvey,Bialy,Male,American,USA,Unknown,Real
Helen,Keller,Female,American,USA,Christian,Real
Hendrik,Wade Bode,Male,Dutch-American,USA,Unknown,Real
Henry,Ford,Male,White American,USA,Christian,Real
Henry,James Anderson,Male,White American,USA,Christian,Real
Henry,John Orchard,Male,English,USA,Unknown,Real
Herbert,Boyer,Male,White American,USA,Unknown,Real
Herrick,L. Johnston,Male,White American,USA,Unknown,Real
Hillary,Clinton,Female,White American,USA,Christian,Real
Hiram Bond,Everest,Male,White American,USA,Unknown,Real
Ho-Kwang,Mao,Male,Chinese,China,Unknown,Real
Homayoun,Seraji,Male,Iranian,Iran,Unknown,Real
Howard,A. Rusk,Male,White American,USA,Unknown,Real
Howard,A. Stone,Male,White American,USA,Unknown,Real
Howard,Hughes,Male,White American,USA,Unknown,Real
Hugh,Hefner,Male,White American,USA,Christian,Real
Hugh,Latimer Dryden,Male,White American,USA,Unknown,Real
Hulk,Hogan,Male,White American,USA,Christian,Real
Irvine,Page,Male,White American,USA,Unknown,Real
Irving,Langmuir,Male,White American,USA,Agnostic,Real
J. Peter,Kincaid,Male,White American,USA,Unknown,Real
J. Scott,Yaruss,Male,White American,USA,Unknown,Real
J. Val,Klump,Male,White American,USA,Unknown,Real
J.P.,Morgan,Male,White American,USA,Christian,Real
Jackie,Robinson,Male,African-American,USA,Christian,Real
Jackson,Pollock,Male,White American,USA,Unknown,Real
Jacob,Perkins,Male,White American,USA,Unknown,Real
Jacqueline,Kennedy Onassis,Female,White American,USA,Christian,Real
James,Abbot Mcneill Whistler,Male,White American,USA,Unknown,Real
James,Bloodworth Jr.,Male,White American,USA,Unknown,Real
James,Bryant Conant,Male,White American,USA,Christian,Real
James,Bryant,Male,White American,USA,Unknown,Real
James,D. Watson,Male,White American,USA,Atheist,Real
James,E. Atwater,Male,White American,USA,Unknown,Real
James,Ewing,Male,White American,USA,Christian,Real
James,"F. Bell, Iii",Male,White American,USA,Unknown,Real
James,Franco,Male,White American,USA,Jewish,Real
James,Henry Deese,Male,White American,USA,Unknown,Real
James,Madison Jr.,Male,White American,USA,Christian,Real
James,Naismith,Male,Canadian,Canada,Christian,Real
James,Rhyne Killian,Male,White American,USA,Unknown,Real
James,Stewart,Male,White American,USA,Christian,Real
Jamie,Foxx,Male,African-American,USA,Christian,Real
Jane,Addams,Female,White American,USA,Christian,Real
Jane,Reece,Female,White American,USA,Unknown,Real
Jared,Tinklenberg,Male,White American,USA,Unknown,Real
Jason,Segel,Male,Jewish-American,USA,Jewish,Real
Jay,Hosler,Male,White American,USA,Unknown,Real
Jay-Z,,Male,African-American,USA,Christian,Real
Jeffery,H. Schwartz,Male,White American,USA,Unknown,Real
Jeffrey,Laitman,Male,White American,USA,Unknown,Real
Jeffrey,M. Friedman,Male,White American,USA,Unknown,Real
Jennifer,Aniston,Female,White American,USA,Christian,Real
Jennifer,Lawrence,Female,White American,USA,Christian,Real
Jeremy,Stone,Male,White American,USA,Unknown,Real
Jerome,J. Workman Jr.,Male,White American,USA,Unknown,Real
Jerome,Kavka,Male,White American,USA,Unknown,Real
Jerome,Pearson,Male,Unknown,USA,Unknown,Real
Jerry,Coyne,Male,"American, Caucasian",USA,Jewish,Real
Jerry,Seinfeld,Male,"American, Ashkenazi Jewish",USA,Jewish,Real
Jesse,James,Male,"American, Caucasian",USA,Christian,Real
Jesse,Owens,Male,African-American,USA,Unknown,Real
Jessica,Chastain,Female,"American, Caucasian",USA,Christian,Real
Jim,Carrey,Male,"Canadian, Caucasian",Canada,Christian,Real
Jim,Gaffigan,Male,"American, Caucasian",USA,Christian,Real
Jim,Morrison,Male,"American, Caucasian",USA,Christian,Real
Jim,Thorpe,Male,American,USA,Christian,Real
Jimi,Hendrix,Male,"African American, Cherokee, European",USA,Unknown,Real
Jimmy,Carter,Male,"American, Caucasian",USA,Christian,Real
Jimmy,Fallon,Male,"American, Caucasian",USA,Christian,Real
Jimmy,Kimmel,Male,"American, Caucasian",USA,Christian,Real
Joaquin,Phoenix,Male,"American, Caucasian",Puerto Rico,Jewish,Real
Jody,Watley,Female,African-American,USA,Unknown,Real
John,A. O'Keefe,Male,Unknown,USA,Unknown,Real
John,A. Wise,Male,Unknown,USA,Christian,Real
John,Adam Fleming,Male,Unknown,USA,Unknown,Real
John,B. Calhoun,Male,"American, Caucasian",USA,Unknown,Real
John,B. Goodenough,Male,"American, Caucasian",Germany,Christian,Real
John,Belushi,Male,"American, Caucasian",USA,Christian,Real
John,Bidwell,Male,Unknown,USA,Christian,Real
John,Brashear,Female,Unknown,USA,Unknown,Real
John,Brown,Male,"American, Caucasian",USA,Christian,Real
John,Charles Priscu,Male,Unknown,USA,Unknown,Real
John,D. Hamaker,Male,Unknown,USA,Unknown,Real
John,D. Rockefeller,Male,"American, Caucasian",USA,Christian,Real
John,D. Rockefeller Jr.,Male,"American, Caucasian",USA,Christian,Real
John,Dillinger,Male,"American, Caucasian",USA,Christian,Real
John,David Washington,Male,African-American,USA,Christian,Real
John,Edwards,Male,"American, Caucasian",USA,Christian,Real
John,F. Kennedy,Male,"American, Caucasian",USA,Christian,Real
John,F. Kennedy Jr,Male,"American, Caucasian",USA,Unknown,Real
John,Franklin Enders,Male,Unknown,USA,Unknown,Real
John,Cena,Male,"American, Caucasian",USA,Christian,Real
John,Ford,Male,"American, Caucasian",USA,Unknown,Real
John,Glenn,Male,"American, Caucasian",USA,Christian,Real
John,Gorrie,Male,Unknown,USA,Christian,Real
John,H. Seinfeld,Male,Unknown,USA,Unknown,Real
John,Heuser,Male,Unknown,USA,Unknown,Real
John,James Audubon,Male,"French-American, Caucasian (French)",Haiti,Unknown,Real
John,Leonard Riddell,Male,Unknown,USA,Unknown,Real
John,Marburger,Male,Unknown,USA,Unknown,Real
John,Muir,Male,"American, Caucasian",Uk,Christian,Real
John,Mulaney,Male,"American, Caucasian",USA,Christian,Real
John,Oliver,Male,"British, Caucasian",Uk,Christian,Real
John,Parascandola,Male,Unknown,USA,Unknown,Real
John,R. Pierce,Male,American,USA,Unknown,Real
John,R. Wiegand,Male,American,Germany,Unknown,Real
John,Robbins,Male,American,USA,Unknown,Real
John,Rock,Male,American,USA,Christian,Real
John,Smith,Male,American,USA,Unknown,Real
John,Stanton Gould,Male,American,USA,Christian,Real
John,T. Patterson,Male,American,USA,Unknown,Real
John,Volkman,Male,American,USA,Unknown,Real
John,W. Cahn,Male,American,USA,Jewish,Real
John,Wayne,Male,American,USA,Christian,Real
John,Wayne Gacy,Male,American,USA,Christian,Real
John,Wesley Powell,Male,American,USA,Unknown,Real
John,Wilkes Booth,Male,American,USA,Unknown,Real
John,Carson,Male,American - British,USA,Unknown,Real
Johnny,Depp,Male,American,USA,Unknown,Real
Jon,Michael Smith,Male,American,USA,Unknown,Real
Jonah,Hill,Male,American,USA,Jewish,Real
Jonas,Salk,Male,American,USA,Jewish,Real
Jonathan,Edwards,Male,American,USA,Christian,Real
Joseph,Augustine Cushman,Male,American,USA,Unknown,Real
Joseph,Brant Arseneau,Male,Canadian,Canada,Unknown,Real
Joseph,Lovering,Male,American,USA,Unknown,Real
Joseph,Priestley,Male,British,Uk,Christian,Real
Joseph,Smith Jr.,Male,American,USA,Christian,Real
Joseph,Young Bergen,Male,American,USA,Unknown,Real
Josh,Hutcherson,Male,American,USA,Unknown,Real
Joshua,Wurman,Male,American,USA,Unknown,Real
Julia,Roberts,Female,American,USA,Christian,Real
Julia,Robinson,Female,American,USA,Unknown,Real
Julius,Marmur,Male,American,Poland,Unknown,Real
Jurgen,Moser,Male,Austrian-American,Switzerland,Unknown,Real
Justin,Gaethje,Male,American,USA,Unknown,Real
Justin,Timberlake,Male,American,USA,Christian,Real
K. Aslihan,Yener,Female,Turkish,Turkey,Unknown,Real
Kanye,West,Male,African-American,USA,Christian,Real
Karel,Bossart,Male,Belgian-American,USA,Unknown,Real
Karl,Gordon Henize,Male,American,USA,Unknown,Real
Karla,Jurvetson,Female,American,USA,Unknown,Real
Karol,G. Ross,Female,American,USA,Unknown,Real
Kate,Mckinnon,Female,American,USA,Christian,Real
Katharine,Hepburn,Female,American,USA,Atheist,Real
Katherine,D. Seelman,Female,American,USA,Unknown,Real
Katy,Perry,Female,American,USA,Christian,Real
Kelsey,Grammer,Male,American,USA,Christian,Real
Kenan,Thompson,Male,African-American,USA,Unknown,Real
Kerry,Washington,Female,African-American,USA,Christian,Real
Kevin,Greenaugh,Male,American,Uk,Unknown,Real
Kevin,Hart,Male,African-American,USA,Christian,Real
Kevin,James,Male,American,USA,Christian,Real
Kim,Kardashian,Female,Armenian-American,USA,Christian,Real
Kim,Sung-Hou,Male,Korean,Korea,Unknown,Real
Kristin,Cavallari,Female,American,USA,Christian,Real
Kit,Carson,Female,American,USA,Christian,Real
Klaus,Keil,Male,German American,Germany,Unknown,Real
Kristen,Stewart,Female,American,USA,Unknown,Real
Kristen,Wiig,Female,American,USA,Christian,Real
Kristy,Hawkings,Female,American,USA,Agnostic,Real
Krystal,Jung,Female,Korean American,USA,Christian,Real
Kyle,Pierce,Male,American,USA,Unknown,Real
L. Hamilton,Mccormick,Male,American,USA,Unknown,Real
L. Ron,Hubbard,Male,American,USA,Scientology,Real
L. Stephen,Coles,Male,American,USA,Unknown,Real
Lady,Gaga,Female,Italian-American,USA,Christian,Real
Lance,Armstrong,Male,American,USA,Christian,Real
Landon,Curt Noll,Male,American,USA,Unknown,Real
Landrum,Brewer Shettles,Male,American,USA,Unknown,Real
Larry,David,Male,American,USA,Jewish,Real
Laura,Bush,Female,American,USA,Christian,Real
Lauren,Graham,Female,American,USA,Christian,Real
Lawrence,B. Slobodkin,Male,American,USA,Unknown,Real
Lawrence,S.B. Goldstein,Male,American,USA,Unknown,Real
Lee,Harvey Oswald,Male,American,USA,Christian,Real
Leigh,Lisker,Male,Ashkenazi Jewish-American,USA,Unknown,Real
Leland,H. Hartwell,Male,American,USA,Unknown,Real
Leonardo,Dicaprio,Male,Italian and German-American,USA,Christian,Real
Leslie,Earl Simon,Female,American,USA,Unknown,Real
Annette,Leslie Jones,Female,African-American,USA,Unknown,Real
Lester,R. Brown,Male,American,USA,Unknown,Real
Lewis,Black,Male,Jewish-American,USA,Atheist,Real
Lewis,Joel Greene,Male,American,USA,Unknown,Real
Lillian,Moller Gilbreth,Female,American,USA,Unknown,Real
Linda,B. Buck,Female,Caucasian,USA,Unknown,Real
Lindsay,Lohan,Female,Caucasian,USA,Christian,Real
Lisa,Kudrow,Female,Caucasian,USA,Jewish,Real
Lorraine,Bracco,Female,Caucasian,USA,Unknown,Real
Louis,Armstrong,Male,African-American,USA,Christian,Real
Louis,C.K,Male,Caucasian,USA,Unknown,Real
Louis,Vitullo,Male,Caucasian,USA,Unknown,Real
Lucille,Ball,Female,Caucasian,USA,Christian,Real
Lucky,Luciano,Male,Caucasian,Italy,Unknown,Real
Lyman,James Briggs,Male,Caucasian,USA,Unknown,Real
Lyndon,B. Johnson,Male,Caucasian,USA,Christian,Real
Lynn,Margulis,Female,Caucasian,USA,Unknown,Real
Lynn,Rogers,Male,Unknown,USA,Unknown,Real
M. Graham,Netting,Male,Caucasian,USA,Unknown,Real
Madonna,,Male,Caucasian,USA,Christian,Real
Mahershala,Ali,Male,African-American,USA,Muslim,Real
Malcolm,Little,Male,African-American,USA,Muslim,Real
Manfred,Clynes,Male,Caucasian,Austria,Unknown,Real
Mansukh,C. Wani,Male,Indian-American,India,Unknown,Real
Marc,Maron,Male,Caucasian,USA,Jewish,Real
Marcia,Neugebauer,Female,Caucasian,USA,Unknown,Real
Margot,Kidder,Female,Caucasian,Canada,Atheist,Real
Mariano,Yogore,Male,Unknown,Philippines,Unknown,Real
Marilyn,Monroe,Female,Caucasian,USA,Christian,Real
Marjorie,Cameron,Female,Caucasian,USA,Unknown,Real
Mark,Zuckerberg,Male,Caucasian,USA,Jewish,Real
Mark,Twain,Male,Caucasian,USA,Christian,Real
Mark,Wahlberg,Male,Caucasian,USA,Christian,Real
Marlene,Zuk,Female,Caucasian,USA,Unknown,Real
Martha,Stewart,Female,Caucasian,USA,Christian,Real
Martha,Washington,Female,Caucasian,USA,Christian,Real
Martin,Chalfie,Male,Caucasian,USA,Unknown,Real
Martin,Lawrence,Male,African-American,Germany,Christian,Real
Marin,Luther King Jr.,Male,African-American,USA,Christian,Real
Martin,Stanislaus Brennan,Male,Unknown,Ireland,Christian,Real
Mary,Baker Eddy,Female,Caucasian,USA,Christian,Real
Mary,C. Baltz,Female,Unknown,USA,Unknown,Real
Mary,Pickford,Female,Caucasian,Canada,Christian,Real
Mary,Styles Harris,Female,African-American,USA,Unknown,Real
Matt,Groening,Male,Caucasian,USA,Agnostic,Real
Matt,Leblanc,Male,Caucasian,USA,Christian,Real
Matt,Stone,Male,Caucasian,USA,Jewish,Real
Matthew,Fontaine Maury,Male,Caucasian,USA,Christian,Real
Matthew,Perry,Male,Caucasian,USA,Unknown,Real
May,R. Berenbaum,Female,Caucasian,USA,Unknown,Real
Maya,Angelou,Female,African-American,USA,Christian,Real
Maya,Rudolph,Female,"African-American, Jewish",USA,Jewish,Real
Mead,Treadwell,Male,Caucasian,USA,Christian,Real
Megan,Fox,Female,Caucasian,USA,Christian,Real
Mel,Gibson,Male,Caucasian,USA,Christian,Real
Melissa,Mccarthy,Female,Caucasian,USA,Christian,Real
Meriwether,Lewis,Male,Caucasian,USA,Christian,Real
William,Clark,Male,Caucasian,USA,Unknown,Real
Merle,Randall,Male,Unknown,USA,Unknown,Real
Merle,Tuve,Male,Caucasian,USA,Unknown,Real
Merill,Garnett,Male,Unknown,USA,Unknown,Real
Meryl,Streep,Female,Caucasian,USA,Christian,Real
Michael,B. Jordan,Male,African-American,USA,Christian,Real
Michael,Che,Male,African-American,USA,Unknown,Real
Michael,E. Greenberg,Male,American,USA,Unknown,Real
Michael,Fossel,Male,American,USA,Unknown,Real
Michael,Graziano,Male,American,USA,Unknown,Real
Michael,J. Krische,Male,American,USA,Unknown,Real
Michael,Jackson,Male,African-American,USA,Christian,Real
Michael,Jordan,Male,African-American,USA,Christian,Real
Michael,Moore,Male,American,USA,Christian,Real
Michael,Shermer,Male,American,USA,Skeptic,Real
Michael,Stebbins,Male,American,USA,Unknown,Real
Michael,Tordoff,Male,American,Uk,Unknown,Real
Mike,Hudak,Male,American,USA,Unknown,Real
Mila,Kunis,Female,Ukrainian-American,Ukraine,Jewish,Real
Miles,Teller,Male,American,USA,Jewish,Real
Miley,Cyrus,Female,American,USA,Christian,Real
Morgan,Freeman,Male,African-American,USA,Christian,Real
Morgan,Sparks,Male,American,USA,Unknown,Real
Muhammad,Ali,Male,African-American,USA,Muslim,Real
Murray,Eden,Male,American,USA,Jewish,Real
Neil,Armstrong,Male,American,USA,Christian,Real
Neil,A. Campbell,Male,American,USA,Unknown,Real
Neil,Degrasse Tyson,Male,African-American,USA,Atheist,Real
Nelson,Hairston,Male,American,USA,Unknown,Real
Nguyet,Anh Duong,Female,Vietnamese-American,Vietnam,Unknown,Real
Nick,Kroll,Male,Jewish-American,USA,Jewish,Real
Nikola,Tesla,Male,Serbian-American,Croatia,Christian,Real
Noella,Marcellino,Female,American,USA,Christian,Real
Norman,N. Li,Male,Chinese-American,China,Unknown,Real
Octavia,Spencer,Female,African-American,USA,Christian,Real
Oprah,Winfrey,Female,African-American,USA,Christian,Real
Ormsby,M. Mitchel,Male,American,USA,Unknown,Real
Oscar,Auerbach,Male,American,USA,Jewish,Real
Owen,Webster,Male,American,USA,Unknown,Real
Pat,Tillman,Female,American,USA,Atheist,Real
Patton,Oswalt,Male,American,USA,Atheist,Real
Paul,Eston Lacy,Male,American,USA,Unknown,Real
Paul,Flory,Male,American,USA,Christian,Real
Paul,Hugh Emmett,Male,American,USA,Unknown,Real
Paul,J. Lioy,Male,American,USA,Unknown,Real
Paul,M. Doty,Male,American,USA,Unknown,Real
Paul,Raskin,Male,American,USA,Unknown,Real
Paul,Ridker,Male,American,USA,Unknown,Real
Paul,Rudd,Male,American,USA,Jewish,Real
Paul,Werbos,Male,American,USA,Unknown,Real
Paul,Zamecnik,Male,American,USA,Unknown,Real
Pearl,Swanson,Male,American,USA,Unknown,Real
Peter,Duesberg,Male,German-American,Germany,Unknown,Real
Peter,Glaser,Male,Czech-American,Czechia,Jewish,Real
Peter,Gleick,Male,American,USA,Unknown,Real
Phil,Mcgraw,Male,American,USA,Christian,Real
Philip,Morrison,Male,American,USA,Unknown,Real
Ralph,Grayson,Male,American,USA,Unknown,Real
Ralph,Randles Stewart,Male,American,USA,Unknown,Real
Ralph,W. Gerard,Male,American,USA,Unknown,Real
Ram,Samudrala,Male,Indian-American,USA,Unknown,Real
Ramesh,C. Jain,Male,Indian-American,India,Unknown,Real
Randy,Pausch,Male,American,USA,Christian,Real
Randy,Sweeney,Male,American,USA,Unknown,Real
Ray,Charles,Male,African-American,USA,Christian,Real
Ray,Romano,Male,Italian-American,USA,Atheist,Real
Raymond,D. Mindlin,Male,American,USA,Unknown,Real
Raymond,Luebbers,Male,Unknown,USA,Unknown,Real
Raymond,St. Leger,Male,Unknown,Uk,Unknown,Real
Raymond,Viskanta,Male,Unknown,Lithuania,Unknown,Real
Reese,Witherspoon,Female,American,USA,Christian,Real
Richard,Cockburn Maclaurin,Male,Scottish,Uk,Unknown,Real
Richard,D. Wood,Male,Unknown,USA,Unknown,Real
Richard,Feynman,Male,American,USA,Jewish,Real
Richard,H. Ebright,Male,American,USA,Unknown,Real
Richard,H. Small,Male,Unknown,USA,Unknown,Real
Richard,J. Green,Male,Unknown,USA,Unknown,Real
Richard,L. Meier,Male,American,USA,Christian,Real
Richard,M. Nixon,Male,American,USA,Christian,Real
Richard,O. Spertzel,Male,American,USA,Unknown,Real
Richard,Weiszmann,Male,Unknown,Slovakia,Unknown,Real
Richard,Wiese,Male,American,USA,Unknown,Real
Rihanna,,Female,Barbadian,Barbados,Christian,Real
Robert,A. Woodruff,Male,American,USA,Unknown,Real
Robert,Woodward,Male,American,USA,Jewish,Real
Robert,Brownlee,Male,American,USA,Unknown,Real
Robert,Corell,Male,American,USA,Unknown,Real
Robert,De Niro,Male,American,USA,Christian,Real
Robert,E. Lee,Male,American,USA,Christian,Real
Robert,F. Kennedy,Male,American,USA,Christian,Real
Robert,France,Male,Unknown,Jamaica,Unknown,Real
Robert,D. Crane,Male,American,USA,Unknown,Real
Robert,Ledley,Male,American,USA,Unknown,Real
Robert,M. Jacobson,Male,American,USA,Unknown,Real
Robert,Nason Beck,Male,American,USA,Unknown,Real
Robert,O. Becker,Male,American,USA,Unknown,Real
Robert,R. Sokal,Male,Austrian-American,Austria,Jewish,Real
Robert,Simpson Woodward,Male,American,USA,Unknown,Real
Robert,W. Bussard,Male,American,USA,Unknown,Real
Robert,William Fisher,Male,American,USA,Christian,Real
Robert,Williams Iii,Male,African-American,USA,Unknown,Real
Robin,Williams,Male,White American,USA,Christian,Real
Roger,D. Nelson,Male,White American,USA,Unknown,Real
Roger,L. Easton,Male,White American,USA,Unknown,Real
Roger,Williams,Male,White American,USA,Unknown,Real
Ron,Eglash,Male,White American,USA,Unknown,Real
Ronald,F. Probstein,Male,White American,USA,Unknown,Real
Ronald,K. Hoeflin,Male,White American,USA,Unknown,Real
Ronald,Reagan,Male,White American,USA,Christian,Real
Rosa,Parks,Female,African-American,USA,Christian,Real
Rousseau,H. Flower,Male,White American,USA,Unknown,Real
Royal,Rife,Male,White American,USA,Unknown,Real
Rudolf,Kompfner,Male,Austrian,Austria,Jewish,Real
Rudolph,Giuliani,Male,Italian-American,USA,Christian,Real
Rudolph,Leibel,Male,White American,USA,Unknown,Real
Rudolph,Pariser,Male,Chinese-American,China,Unknown,Real
Rupert,Murdoch,Male,Australian,Australia,Christian,Real
Rush,Limbaugh,Male,White American,USA,Christian,Real
Ruth,L. Kirschstein,Female,White American,USA,Jewish,Real
Ryan,Reynolds,Male,Canadian,Canada,Christian,Real
S. Jay,Olshansky,Male,White American,USA,Unknown,Real
Sacagawea,,Female,Native American,USA,The Shoshone Religion,Real
Salvatore,Pais,Male,Italian-American,Romania,Unknown,Real
Sam,Walton,Male,White American,USA,Christian,Real
Samantha,Bee,Female,Canadian,Canada,Christian,Real
Samuel,Fowler,Male,White American,USA,Unknown,Real
Samuel,L. Jackson,Male,African-American,USA,Christian,Real
Samuel,Pierpont Langley,Male,White American,USA,Unknown,Real
Samuel,T. Durrance,Male,White American,USA,Unknown,Real
Samuel,Wendell Williston,Male,White American,USA,Unknown,Real
Sandra,Bullock,Female,White American,USA,Christian,Real
Sanford,Palay,Male,White American,USA,Unknown,Real
Saoirse,Ronan,Female,Irish,USA,Christian,Real
Sarah,Jessica Parker,Female,"Ashkenazi Jewish, English, German",USA,Jewish,Real
Sarah,Palin,Female,"English, Irish, German",USA,Christian,Real
Scarlett,Johansson,Female,"Ashkenazi Jewish, Danish",USA,Jewish,Real
Scott,L. Montgomery,Male,Unknown,USA,Unknown,Real
Selena,Gomez,Female,"Mexican, Italian",USA,Christian,Real
Sergiy,Vilkomir,Male,Ukrainian,Ukraine,Unknown,Real
Seth,Macfarlane,Male,"English, Scottish, Irish",USA,Christian,Real
Seth,Meyers,Male,"Ashkenazi Jewish, Czech, Swedish",USA,Unknown,Real
Seth,Rogen,Male,"Ashkenazi Jewish, Canadian",Canada,Jewish,Real
Shailene,Woodley,Female,"English, Swiss, Creole, African American",USA,Unknown,Real
Sheila,Widnall,Female,Unknown,USA,Unknown,Real
Shia,Labeouf,Male,"Cajun , Ashkenazi Jewish",USA,Christian,Real
Shinya,Inoué,Male,Japanese,Uk,Unknown,Real
Sidney,H. Liebson,Male,Unknown,USA,Unknown,Real
Simon,Ostrach,Male,Unknown,USA,Unknown,Real
Sitting,Bull,Male,Hunkpapa Lakota Native American,USA,Unknown,Real
Sofia,Vergara,Female,Colombian,Colombia,Christian,Real
Sojourner,Truth,Female,African-American,USA,Christian,Real
Sol,Spiegelman,Male,Unknown,USA,Unknown,Real
Stacy,Mcgaugh,Male,Unknown,USA,Unknown,Real
Stanley,F. Schmidt,Male,Unknown,USA,Unknown,Real
Stanton,Glantz,Male,Unknown,USA,Unknown,Real
Stephanie,Kwolek,Female,Polish-American,USA,Christian,Real
Stephen,Colbert,Male,"Irish, English, Scottish, German",USA,Christian,Real
Stephen,Grossberg,Male,Unknown,USA,Christian,Real
Stephen,Porges,Male,Unknown,USA,Unknown,Real
Stephen,Sternberg,Male,Unknown,USA,Unknown,Real
Sterling,K. Brown,Male,African-American,USA,Christian,Real
Steve,Buscemi,Male,"Italian, Irish",USA,Christian,Real
Steve,Carell,Male,"Italian, German, Polish",USA,Christian,Real
Steve,Harvey,Male,African-American,USA,Christian,Real
Steve,Jobs,Male,"Syrian, Swiss, German, Armenian",USA,Christian,Real
Steve,Martin,Male,"English, Scottish, Welsh, Irish",USA,Christian,Real
Steve,Spangler,Male,Unknown,USA,Christian,Real
Steven,Clarke,Male,Unknown,USA,Unknown,Real
Steven,Spielberg,Male,Ashkenazi Jewish,USA,Jewish,Real
Stuart,Umpleby,Male,Unknown,USA,Unknown,Real
Susan,B. Anthony,Female,"English, Irish",USA,Christian,Real
Sylvester,Stallone,Male,"Italian, French, Ukrainian, German",USA,Christian,Real
Taraji,P. Henson,Female,African-American,USA,Christian,Real
Taylor,Lautner,Male,"Swiss, German, Dutch, English, Irish",USA,Christian,Real
Taylor,Swift,Female,"English, Scottish, Irish, German, Welsh",USA,Christian,Real
Tecumseh,,Male,Shawnee Native American,USA,Unknown,Real
Mary,T. Grandin,Female,Unknown,USA,Christian,Real
Terry,Erwin,Male,Unknown,USA,Unknown,Real
Terry,Crews,Male,African-American,USA,Christian,Real
Tessa,Thompson,Female,"Panamanian, Mexican, European",USA,Christian,Real
Orvill,Wright,Male,"English, Dutch, German",USA,Christian,Real
Wilbur,Wright,Male,"English, Dutch, German",USA,Christian,Real
Theo,Holm,Male,Unknown,Denmark,Unknown,Real
Theodore,Roosevelt,Male,"Dutch, Scottish, English, French",USA,Christian,Real
Theodore,Salisbury Woolsey,Male,Unknown,USA,Unknown,Real
Thomas,Alva Edison,Male,"Dutch, English, Scottish",USA,Deist,Real
Thomas,Blanchard Stowell,Male,Unknown,USA,Unknown,Real
Thomas,C. Chalmers,Male,Unknown,USA,Unknown,Real
Thomas,C. Chamberlin,Male,Unknown,USA,Christian,Real
Thomas,Callister Hales,Male,Unknown,USA,Unknown,Real
Thomas,Corwin Mendenhall,Male,American,USA,Unknown,Real
Thomas,Eakins,Male,White American,USA,Christian,Real
Thomas,J. Samuelian,Male,White American,USA,Unknown,Real
Thomas,Jefferson,Male,American,USA,Christian,Real
Thomas,Kuhn,Male,White American,USA,Jewish,Real
Thomas,Nast,Male,White American,Germany,Christian,Real
Thomas,Paine,Male,German-American,Uk,Christian,Real
Thomas,Starzl,Male,English-American,USA,Unknown,Real
Tiger,Woods,Male,White American,USA,Buddhist,Real
Jeff,Richmond,Male,"African-American, Thai, Chinese, Dutch, and Native American",USA,Christian,Real
Tom,Cruise,Male,White American,USA,Christian,Real
Tom,Hanks,Male,White American,USA,Christian,Real
Tracy,Morgan,Male,White American,USA,Unknown,Real
Travis,Scott,Male,African-American,USA,Christian,Real
Trey,Parker,Male,African-American,USA,Jewish,Real
Trinh,Xuan Thuan,Male,White American,Vietnam,Buddhist,Real
Ty,Cobb,Male,Vietnamese-American,USA,Christian,Real
Ulysses,S. Grant,Male,White American,USA,Christian,Real
Va,Shiva Ayyaduai,Male,White American,India,Unknown,Real
Vanessa,Hudgens,Female,White American,USA,Christian,Real
Victor,A. Tiedjens,Male,"Filipino, Chinese, Irish, and Native American descent",USA,Unknown,Real
Victor,Denenberg,Male,White American,USA,Unknown,Real
Victor,Gustav Bloede,Male,White American,Germany,Unknown,Real
Vin,Diesel,Male,German-American,USA,Unknown,Real
Viola,Davis,Female,African-American and Italian-American,USA,Christian,Real
Vivien,Thomas,Male,African-American,USA,Unknown,Real
William,E.B Du Bois,Male,African-American,USA,Unknown,Real
Walt,Disney,Male,African-American,USA,Christian,Real
Walter,Dandy,Male,White American,USA,Christian,Real
Walter,Mauderli,Male,White American,USA,Unknown,Real
Walter,Truett Anderson,Male,White American,USA,Unknown,Real
Wanda,Sykes,Female,White American,USA,Christian,Real
Warren,Winkelstein,Male,African-American,USA,Unknown,Real
Wendell,"E. Dunn, Jr.",Male,White American,USA,Unknown,Real
Wilbur,Davenport,Male,White American,USA,Unknown,Real
James,Butler Kickok,Male,White American,USA,Unknown,Real
William,Ferrel,Male,White American,USA,Unknown,Real
William,Smith,Male,White American,USA,Unknown,Real
Will,Smith,Male,White American,USA,Christian,Real
William,A. Mitchell,Male,African-American,USA,Unknown,Real
William,C. Boyd,Male,White American,USA,Unknown,Real
William,C. Clark,Male,White American,USA,Unknown,Real
William,C. Pfefferle,Male,White American,USA,Unknown,Real
William,C. Schwartz,Male,White American,USA,Unknown,Real
William,Daniel Phillips,Male,White American,USA,Christian,Real
William,F. Martin,Male,White American,USA,Unknown,Real
William,F. Neuman,Male,White American,USA,Unknown,Real
William,Hultz Walker,Male,White American,USA,Unknown,Real
William,Jefferson Clinton,Male,White American,USA,Christian,Real
William,M. Tweed,Male,White American,USA,Christian,Real
William,M. Hartmann,Male,White American,USA,Unknown,Real
William,P. Murphy Jr.,Male,White American,USA,Unknown,Real
William,P. Murphy,Male,White American,USA,Unknown,Real
William,Randlph Hearst,Male,White American,USA,Unknown,Real
William,T. Wickner,Male,White American,USA,Unknown,Real
Willy,Burgdorfer,Male,White American,Switzerland,Unknown,Real
Woodrow,Whitlow Jr.,Male,African-American,USA,Unknown,Real
Woodrow,Wilson,Male,Caucasian,USA,Christian,Real
Zac,Efron,Male,Caucasian,USA,Agnostic,Real
Zach,Galifianakis,Male,Caucasian,USA,Christian,Real
Zoe,Saldana,Female,"Dominican, Puerto Rican, and Lebanese",USA,Christian,Real
Dennis,Rader,Male,Caucasian,USA,Christian,Real
Ted,Bundy,Male,Caucasian,USA,Christian,Real
John,Wayne Gacy,Male,White American,USA,Christian,Real
Sam,Little,Male,African-American,USA,Unknown,Real
Jeffrey,Dahmer,Male,White American,USA,Christian,Real
David,Berkowitz,Male,White American,USA,Christian,Real
Richard,Cottingham,Male,White American,USA,Unknown,Real
Belle,Gunness,Female,Norwegian American,Norway,Christian,Real
Dean,Corll,Male,White American,USA,Christian,Real
Gary,Ridgway,Male,White American,USA,Unknown,Real
Albert,Fish,Male,White American,USA,Christian,Real
Richard,Ramirez,Male,Hispanic/Latino American,USA,Christian,Real
Ed,Gein,Male,White American,USA,Christian,Real
Edmund,Kemper,Male,White American,USA,Unknown,Real
Robert,Hansen,Male,White American,USA,Christian,Real
Dorothea,Puente,Female,White American,USA,Christian,Real
Paul,Dennis Reid,Male,White American,USA,Unknown,Real
Harry,Powers,Male,White American,Netherlands,Unknown,Real
Ty,Burrell,Male,White American,USA,Christian,Real
Sarah,Hyland,Female,White American,USA,Christian,Real
Eric,Stonestreet,Male,White American,USA,Christian,Real
Nolan,Gould,Male,White American,USA,Christian,Real
Ed,O'Neill,Male,White American,USA,Christian,Real
Jesse,Tyler Ferguson,Male,White American,USA,Christian,Real
Shelley,Long,Female,White American,USA,Christian,Real
Adam,Devine,Male,White American,USA,Christian,Real
Reid,Ewing,Male,White American,USA,Unknown,Real
Julie,Bowen,Female,White American,USA,Christian,Real
Ariel,Winter,Female,White American,USA,Christian,Real
Rico,Rodriguez,Male,Hispanic/Latino American,USA,Unknown,Real
Aubrey,Anderson-Emmons,Female,White American,USA,Unknown,Real
Jeremy,Maguire,Male,White American,USA,Christian,Real
Mira,Sorvino,Female,Italian-American,USA,Christian,Real
Frederick,Savage,Male,White American,USA,Jewish,Real
Steve,Zahn,Male,White American,USA,Christian,Real
Nathan,Lane,Male,White American,USA,Christian,Real
Stephanie,Beatriz,Female,Latina (Colombian-American),Argentina,Christian,Real
Elizabeth,Banks,Female,White American,USA,Christian,Real
Fred,Willard,Male,White American,USA,Unknown,Real
Ben,Schwartz,Male,White American,USA,Jewish,Real
Nathan,Fillion,Male,White Canadian,Canada,Unknown,Real
Matt,Dilon,Male,White American,USA,Christian,Real
Benjamin,Bratt,Male,Peruvian American,USA,Unknown,Real
Khamani,Griffin,Male,African-American,USA,Unknown,Real
Judy,Greer,Female,White American,USA,Christian,Real
Rob,Riggle,Male,White American,USA,Unknown,Real
Philip,Baker Hall,Male,White American,USA,Unknown,Real
Jesse,Eisenberg,Male,White American,USA,Jewish,Real
Matthew,Broderick,Male,White American,USA,Jewish,Real
Paget,Brewster,Female,White American,USA,Unknown,Real
Madison,Iseman,Female,White American,USA,Unknown,Real
Josh,Gad,Male,White American,USA,Jewish,Real
Rachael,Harris,Female,White American,USA,Christian,Real
Amy,Yasbeck,Female,White American,USA,Christian,Real
Michael,Urie,Male,White American,USA,Unknown,Real
Will,Sasso,Male,White Canadian,USA,Unknown,Real
Greg,Kinnear,Male,White American,USA,Unknown,Real
Danny,Trejo,Male,Mexican-American,USA,Unknown,Real
Aisha,Tyler,Female,African-American,USA,Unknown,Real
Suzy,Nakamura,Female,Japanese American,USA,Unknown,Real
Christopher,Gorham,Male,White American,USA,Unknown,Real
Kelsey,Grammer,Male,White American,USA,Christian,Real
Elizabeth,Pena,Female,Hispanic/Latino American,USA,Unknown,Real
Bryan,Cranston,Male,White American,USA,Jewish,Real
Aaron,Paul,Male,White American,USA,Christian,Real
Anna,Gunn,Female,White American,USA,Unknown,Real
Dean,Norris,Male,White American,USA,Christian,Real
Rj,Mitte,Male,White American,USA,Christian,Real
Bob,Odenkirk,Male,White American,USA,Christian,Real
Betsy,Brandt,Female,White American,USA,Unknown,Real
Jonathan,Banks,Male,White American,USA,Christian,Real
Matt,Jones,Male,White American,USA,Unknown,Real
Mark,Margolis,Male,White American,USA,Jewish,Real
Krysten,Ritter,Female,White American,USA,Jewish,Real
Charles,Baker,Male,White American,USA,Unknown,Real
Jesse,Plemons,Male,White American,USA,Unknown,Real
Steven,Quezada,Male,Hispanic/Latino American,USA,Unknown,Real
Giancarlo,Esposito,Male,Italian and African American,Denmark,Christian,Real
Lavell,Crawford,Male,African-American,USA,Unknown,Real
David,Costabile,Male,White American,USA,Atheist,Real
Michael,Shamus Wiles,Male,White American,USA,Unknown,Real
Bill,Burr,Male,White American,USA,Christian,Real
Christopher,Cousins,Male,White American,USA,Unknown,Real
Steven,Bauer,Male,Cuban-American,Cuba,Christian,Real
Kaley,Cuoco,Female,White American,USA,Christian,Real
Jim,Parsons,Male,White American,USA,Christian,Real
Johnny,Galecki,Male,White American,Belgium,Christian,Real
Simon,Helberg,Male,White American,USA,Jewish,Real
Mayim,Bialik,Female,White American,USA,Jewish,Real
Melissa,Rauch,Female,White American,USA,Jewish,Real
Kevin,Sussman,Male,White American,USA,Jewish,Real
Sarah,Gilbert,Female,White American,USA,Jewish,Real
Courtney,Henggeler,Female,White American,USA,Christian,Real
Christine,Baranski,Female,White American,USA,Christian,Real
Laurie,Metcalf,Female,White American,USA,Christian,Real
Wil,Wheaton,Male,White American,USA,Atheist,Real
Gabriel,Macht,Male,White American,USA,Jewish,Real
Rachel,Meghan Markle,Female,"African American, White American",USA,Christian,Real
Patrick,J. Adams,Male,White Canadian,Canada,Christian,Real
Sarah,Rafferty,Female,White American,USA,Unknown,Real
Rick,Hoffman,Male,White American,USA,Jewish,Real
Gina,Torres,Female,Afro-Latina,USA,Unknown,Real
Abigail,Spencer,Female,White American,USA,Christian,Real
Amanda,Schull,Female,White American,USA,Christian,Real
Neal,Mcdonough,Male,White American,USA,Christian,Real
Wendell,Pierce,Male,African-American,USA,Christian,Real
Jacinda,Barrett,Female,White Australian,Australia,Christian,Real
Vanessa,Ray,Female,White American,USA,Unknown,Real
Katherine,Heigl,Female,White American,USA,Christian,Real
David,Bryan Woodside,Male,African-American,USA,Unknown,Real
Josh,Radnor,Male,White American,USA,Jewish,Real
Neil,Patrick Harris,Male,White American,USA,Christian,Real
Cobie,Smulders,Female,White Canadian,Canada,Jewish,Real
Alyson,Hannigan,Female,White American,USA,Jewish,Real
Cristin,Milioti,Female,White American,USA,Christian,Real
Jennifer,Morrison,Female,White American,USA,Atheist,Real
David,Burtka,Male,White American,USA,Unknown,Real
William,Zabka,Male,White American,USA,Christian,Real
Jon,Bernthal,Male,White American,USA,Jewish,Real
Alexis,Denisof,Male,White American,USA,Jewish,Real
Joe,Manganiello,Male,White American,USA,Christian,Real
Jensen,Ackles,Male,White American,USA,Christian,Real
Ethan,Smith,Male,African-American,USA,Christianity,Fake
Michael,Johnson,Female,Mexican-American,USA,Islam,Fake
Alexander,Anderson,Female,Chinese-American,USA,Hinduism,Fake
William,Brown,Male,Irish-American,USA,Buddhism,Fake
Benjamin,Garcia,Male,Italian-American,USA,Sikhism,Fake
Joshua,Hernandez,Female,German-American,USA,Judaism,Fake
Daniel,Martinez,Male,Puerto Rican-American,USA,Baha'I,Fake
Joseph,Davis,Female,Filipino-American,USA,Taoism,Fake
Samuel,Wilson,Female,Indian-American,USA,Jainism,Fake
Matthew,Jones,Male,Korean-American,USA,Zoroastrianism,Fake
Nicholas,Taylor,Female,Polish-American,USA,Confucianism,Fake
Andrew,Lee,Male,English-American,USA,Shintoism,Fake
David,Wright,Male,Vietnamese-American,USA,Wicca,Fake
Ryan,Martinez,Female,Cuban-American,USA,Druidism,Fake
Jacob,Clark,Male,Scottish-American,USA,Hinduism,Fake
Anthony,Thompson,Female,Russian-American,USA,Scientology,Fake
John,Kim,Female,Japanese-American,USA,New Age,Fake
Luke,Smith,Male,Lebanese-American,USA,Scientology,Fake
Noah,Martinez,Male,Native American,USA,Deism,Fake
Jonathan,Lee,Female,French-American,USA,Rastafarianism,Fake
Christian,Garcia,Female,Greek-American,USA,Unitarian Universalism,Fake
Nathan,Flores,Male,Turkish-American,USA,Shintoism,Fake
Adam,Perez,Male,Armenian-American,USA,Humanism,Fake
Gabriel,Kim,Female,Colombian-American,USA,Gnosticism,Fake
Aaron,Gonzalez,Male,Iranian-American,USA,Theosophy,Fake
Kevin,Anderson,Female,Nigerian-American,USA,Pantheism,Fake
Robert,Young,Female,Egyptian-American,USA,Not Religious,Fake
Kyle,Allen,Male,Israeli-American,USA,Atheism,Fake
Thomas,Parker,Male,Ukrainian-American,USA,Agnosticism,Fake
Tyler,Campbell,Female,Salvadoran-American,USA,Taoism,Fake
Zachary,Reyes,Male,Dutch-American,USA,Judaism,Fake
Paul,Price,Female,Welsh-American,USA,Islam,Fake
Steven,Murphy,Female,Bulgarian-American,USA,Hinduism,Fake
Austin,Flores,Male,Jamaican-American,USA,Buddhism,Fake
Christopher,Hall,Male,Pakistani-American,USA,Sikhism,Fake
Jordan,Smith,Female,Dominican-American,USA,Jainism,Fake
Brandon,Wilson,Female,Ethiopian-American,USA,Confucianism,Fake
Brian,Adams,Male,Norwegian-American,USA,Wicca,Fake
Caleb,Martinez,Male,Swedish-American,USA,New Age,Fake
Justin,Thompson,Female,Ghanaian-American,USA,Christianity,Fake
Timothy,Anderson,Male,Kenyan-American,USA,Hinduism,Fake
Logan,Taylor,Female,Peruvian-American,USA,Taoism,Fake
Liam,Young,Female,Hungarian-American,USA,Baha'I,Fake
Oliver,Wright,Male,Lithuanian-American,USA,Hinduism,Fake
Elijah,Kim,Male,Brazilian-American,USA,Buddhism,Fake
Lucas,Davis,Female,Ecuadorian-American,USA,Sikhism,Fake
Mason,Johnson,Male,Argentine-American,USA,Judaism,Fake
Landon,Brown,Female,Honduran-American,USA,Hinduism,Fake
Adrian,Gonzalez,Female,Irish,USA,Taoism,Fake
Jonathan,Perez,Male,Irish-American,USA,Baha'I,Fake
Nolan,Reyes,Male,"English, German, Swiss, Norwegian",USA,Sikhism,Fake
Tiberius,Kim,Female,Venezuelan-American,USA,Buddhism,Fake
Tristan,Flores,Female,African-American,USA,Judaism,Fake
Ulysses,Clark,Male,"African American, Jewish",USA,Hinduism,Fake
Vance,Martinez,Male,"African American, Cherokee, European",USA,Taoism,Fake
Walker,Thompson,Female,African-American and Italian-American,USA,Baha'I,Fake
Winston,Brown,Female,African-American and Jamaican,USA,Hinduism,Fake
Xavier,Anderson,Male,"African-American, Dominican and Trinidadian",USA,Buddhism,Fake
Yale,Young,Male,"African-American, Thai, Chinese, Dutch, and Native American",USA,Sikhism,Fake
Yancey,Smith,Female,"African, Irish, Scottish",USA,Judaism,Fake
Zachary,Taylor,Male,Armenian-American,USA,Baha'I,Fake
Zane,Flores,Female,Ashkenazi Jewish,USA,Taoism,Fake
Zared,Kim,Female,"Ashkenazi Jewish, Canadian",USA,Hinduism,Fake
Zayne,Gonzalez,Male,"Ashkenazi Jewish, Czech, Swedish",USA,Buddhism,Fake
Zebulon,Martinez,Male,"Ashkenazi Jewish, Danish",USA,Sikhism,Fake
Zed,Perez,Female,"Ashkenazi Jewish, English, German",USA,Judaism,Fake
Zechariah,Clark,Female,Australian,USA,Baha'I,Fake
Zeke,Wright,Male,Austrian,USA,Taoism,Fake
Zell,Reyes,Male,Austrian-American,USA,Hinduism,Fake
Zev,Kim,Female,Belgian-American,USA,Buddhism,Fake
Zinnober,Wilson,Male,British,USA,Sikhism,Fake
Zion,Thompson,Female,"British, Caucasian",USA,Judaism,Fake
Emily,Brown,Female,"Cajun , Ashkenazi Jewish",USA,Baha'I,Fake
Olivia,Flores,Male,Chinese,USA,Taoism,Fake
Ava,Young,Male,Chinese-American,USA,Hinduism,Fake
Sophia,Anderson,Female,Colombian,USA,Buddhism,Fake
Abigail,Kim,Female,Cuban-American,USA,Sikhism,Fake
Charlotte,Gonzalez,Male,"Dominican, Puerto Rican, and Lebanese",USA,Judaism,Fake
Isabella,Perez,Male,Dutch,USA,Baha'I,Fake
Mia,Martinez,Female,Dutch-American,USA,Taoism,Fake
Madison,Smith,Male,Egyptian-American,USA,Hinduism,Fake
Harper,Taylor,Female,English,USA,Buddhism,Fake
Elizabeth,Reyes,Female,English and Welsh,USA,Sikhism,Fake
Evelyn,Clark,Male,"English, German, Swiss, Norwegian",USA,Judaism,Fake
Avery,Flores,Male,"English, Irish, Scottish",USA,Baha'I,Fake
Ella,Kim,Female,"English, Irish, Scottish, Welsh",USA,Taoism,Fake
Chloe,Martinez,Female,"English, Scottish",USA,Hinduism,Fake
Althea,Thompson,Male,"English, Scottish, Irish, French",USA,Buddhism,Fake
Amalia,Anderson,Male,"English, Scottish, Irish, German, Welsh",USA,Sikhism,Fake
Amara,Wright,Female,"English, Welsh, Scottish, Irish, German",USA,Judaism,Fake
Amelia,Kim,Male,Finnish-American,USA,Baha'I,Fake
Anabelle,Young,Female,"Filipino, Chinese, Irish, and Native American descent",USA,Taoism,Fake
Aria,Gonzalez,Female,"Filipino, Puerto Rican, and Ashkenazi Jewish American",USA,Hinduism,Fake
Ariadne,Smith,Male,French-American,USA,Buddhism,Fake
Ashlyn,Flores,Male,German and Scottish,USA,Sikhism,Fake
Atalanta,Reyes,Female,German-American,USA,Judaism,Fake
Aubrey,Thompson,Female,"German, Swiss, and English",USA,Baha'I,Fake
Beatrix,Kim,Male,Greek-American,USA,Taoism,Fake
Bernadette,Martinez,Male,Honduran-American,USA,Hinduism,Fake
Bianca,Anderson,Female,Hungarian-American,USA,Buddhism,Fake
Brianna,Gonzalez,Male,Hunkpapa Lakota Native American,USA,Sikhism,Fake
Calypso,Kim,Female,Icelandic-American,USA,Judaism,Fake
Camille,Flores,Female,Indian-American,USA,Baha'I,Fake
Carina,Reyes,Male,Indonesian-American,USA,Taoism,Fake
Carmen,Thompson,Male,Irish,USA,Hinduism,Fake
Cassiopeia,Smith,Female,"Irish, German, and Portuguese",USA,Buddhism,Fake
Celeste,Kim,Female,Irish-American,USA,Sikhism,Fake
Ceres,Martinez,Male,"Irish, Italian",USA,Judaism,Fake
Charis,Gonzalez,Male,"Irish, Northern Irish, Jewish",USA,Baha'I,Fake
Clara,Reyes,Female,Israeli,USA,Taoism,Fake
Cleopatra,Flores,Male,Israeli-American,USA,Hinduism,Fake
Colette,Kim,Female,Italian,USA,Buddhism,Fake
Coralie,Thompson,Female,Italian-American,USA,Sikhism,Fake
Daphne,Smith,Male,"Italian, French, Ukrainian, German",USA,Judaism,Fake
Delaney,Reyes,Male,Italian and German-American,USA,Baha'I,Fake
Delia,Kim,Female,Japanese,USA,Taoism,Fake
Desdemona,Flores,Female,Japanese American,USA,Hinduism,Fake
Dilara,Martinez,Male,Jewish,USA,Buddhism,Fake
Eliana,Gonzalez,Male,Jewish-American,USA,Sikhism,Fake
Elin,Reyes,Female,Korean,USA,Judaism,Fake
Elisabet,Kim,Male,Korean American,USA,Baha'I,Fake
Eliza,Flores,Female,Latina (Colombian-American),USA,Taoism,Fake
Eloise,Thompson,Female,Lebanese-American,USA,Hinduism,Fake
Emilia,Martinez,Male,Malaysian-American,USA,Buddhism,Fake
Esperanza,Kim,Male,Mexican-American,USA,Sikhism,Fake
Estelle,Flores,Female,"Mexican, Italian",USA,Judaism,Fake
Esther,Reyes,Female,N/A,USA,Baha'I,Fake
Eudora,Thompson,Male,Native American,USA,Taoism,Fake
Euridice,Martinez,Male,Nigerian-American,USA,Hinduism,Fake
Evangeline,Kim,Female,Norwegian-American,USA,Buddhism,Fake
Faith,Flores,Male,"Panamanian, Mexican, European",USA,Sikhism,Fake
Felicity,Reyes,Female,Peruvian American,USA,Judaism,Fake
Fidelia,Thompson,Female,Polish-American,USA,Baha'I,Fake
Fiona,Martinez,Male,Portuguese-American,USA,Taoism,Fake
Fleur,Kim,Male,Puerto Rican-American,USA,Hinduism,Fake
Florence,Flores,Female,Romanian-American,USA,Buddhism,Fake
Frida,Reyes,Female,Russian-American,USA,Sikhism,Fake
Galatea,Thompson,Male,Scots-Irish,USA,Judaism,Fake
Genevieve,Kim,Male,Scottish,USA,Baha'I,Fake
Ginevra,Flores,Female,Serbian-American,USA,Taoism,Fake
Gloria,Reyes,Male,Slovak-American,USA,Hinduism,Fake
Grecia,Thompson,Female,South African,USA,Buddhism,Fake
Gwendolyn,Martinez,Female,South African-American,USA,Sikhism,Fake
Hailey,Kim,Male,Spanish-American,USA,Judaism,Fake
Hallie,Flores,Male,Swedish,USA,Baha'I,Fake
Hazel,Reyes,Female,Swedish-American,USA,Taoism,Fake
Hera,Thompson,Female,Swiss-American,USA,Hinduism,Fake
Nancy,Kim,Male,"Syrian, Swiss, German, Armenian",USA,Buddhism,Fake
Hermione,Flores,Male,Turkish,USA,Sikhism,Fake
Charmen,Reyes,Female,Turkish-American,USA,Judaism,Fake
Charbel,Chammai,Male,Ukrainian-American,USA,Christian,Fake
Rayan,Tomas,Female,Vietnamese-American,USA,Hindusim,Fake
Khaled,Flores,Female,White American,Canada,Christian,Fake
Ihab,Lee,Male,White Australian,USA,Muslim,Fake
Aaliyah,Johnson,Male,White British,USA,Jewish,Fake
Adeola,Adeyemi,Male,White Canadian,USA,Unknown,Fake
Akinyi,Omondi,Male,"American, Ashkenazi Jewish",USA,Atheist,Fake
Amara,Chukwu,Male,"African-American, Thai, Chinese, Dutch, and Native American",USA,Atheist,Fake
Anwar,Mohammed,Male,African-American,USA,Atheist,Fake
Ayoade,Ojo,Male,African-American and Jamaican,USA,Unknown,Fake
Binta,Diop,Male,"African-American, Dominican and Trinidadian",USA,Agnostic,Fake
Chiamaka,Nwosu,Male,"English, Irish, and French descent",USA,Christian,Fake
Chimamanda,Adichie,Male,African-American and Italian-American,USA,Christian,Fake
Chinyere,Okonkwo,Male,Italian-American,USA,Christian,Fake
Dada,Oluwatosin,Male,"Irish, Italian",USA,Unknown,Fake
Damilola,Adegbite,Male,American,USA,Unknown,Fake
Ebele,Okoye,Male,"Italian, French, Ukrainian, German",USA,Jewish,Fake
Efe,Ojo,Male,White Canadian,USA,Atheist,Fake
Emeka,Okafor,Female,Swedish-American,USA,Unknown,Fake
Fatima,Aliyu,Female,"African-American, Cherokee, European",USA,Unknown,Fake
Folasade,Adekunle,Female,Chinese,USA,Christian,Fake
Funke,Akindele,Female,German-American,USA,Spiritualist,Fake
Ijeoma,Okafor,Female,"British, Caucasian",USA,Christian,Fake
Ikenna,Chukwuemeka,Female,Austrian-American,USA,Christian,Fake
Ismaila,Jalloh,Female,Scottish,USA,Christian,Fake
Jumoke,Adekunle,Female,Italian and German-American,USA,Christian,Fake
Kafui,Amegashie,Female,Mexican-American,USA,Jewish,Fake
Kalu,Uche,Female,Ashkenazi Jewish,USA,Jewish,Fake
Kemi,Adetiba,Female,Irish-American,USA,Jewish,Fake
Kenechukwu,Nwosu,Female,"Ashkenazi Jewish, Danish",USA,Atheist,Fake
Kofi,Adomah,Female,Belgian-American,USA,Christian,Fake
Lekan,Bakare,Female,Japanese American,USA,Christian,Fake
Mariama,Bah,Female,Norwegian-American,USA,Christian,Fake
Modupe,Ogunleye,Female,British,USA,Christian,Fake
Muna,Adesua,Female,"English, Scottish",USA,Unknown,Fake
Ngozi,Okonjo-Iweala,Female,Italian,USA,Unknown,Fake
Nkiru,Anumudu,Female,Turkish,USA,Unknown,Fake
Obinna,Eze,Female,"Irish, Northern Irish, Jewish",USA,Christian,Fake
Oge,Okoye,Female,"Filipino, Chinese, Irish, and Native American descent",USA,Christian,Fake
Oluwafemi,Balogun,Female,Dutch-American,USA,Spiritualist,Fake
Olumide,Akintoye,Female,Scottish,USA,Jewish,Fake
Onyeka,Onwenu,Female,Irish,USA,Christian,Fake
Osagie,Ize-Iyamu,Female,"Ashkenazi Jewish, English, German",USA,Unknown,Fake
Ousmane,Diallo,Female,"African, Irish, Scottish",USA,Christian,Fake
Safiya,Ibrahim,Female,Italian-American,USA,Unknown,Fake
Sanaa,Kone,Female,Puerto Rican-American,USA,Unknown,Fake
Sani,Abacha,Female,South African-American,USA,Christian,Fake
Segun,Odegbami,Female,French-American,USA,Christian,Fake
Taiwo,Ogunjobi,Female,"American, Caucasian",USA,Christian,Fake
Tariq,Ali,Female,"African American, Jewish",USA,Unknown,Fake
Ugochukwu,Ehiogu,Female,Jewish-American,USA,Unknown,Fake
Yemi,Alade,Female,"Irish, German, and Portuguese",USA,Hinduism,Fake
Yinka,Ayefele,Female,White Australian,USA,Christian,Fake
Zainab,Usman,Female,African-American and Italian-American,USA,Christian,Fake
Aidan,Gallagher,Female,Russian-American,USA,Jewish,Fake
Aisling,Byrne,Female,Colombian,USA,Muslim,Fake
Aoife,Murphy,Female,"Irish, Scottish, Welsh",USA,Christian,Fake
Brendan,O'Sullivan,Female,Vietnamese-American,USA,Unknown,Fake
Brigid,Mccarthy,Female,English and Welsh,USA,Christian,Fake
Caitlin,Ryan,Female,German-Jewish,USA,Unknown,Fake
Caoimhe,Doyle,Female,South African,USA,Unknown,Fake
Cathal,O'Connor,Female,"Irish, English, Scottish, German",USA,Christian,Fake
Ciara,O'Neill,Female,Chinese-American,USA,Unknown,Fake
Clodagh,O'Brien,Female,Irish,USA,Jewish,Fake
Conor,Gallagher,Female,White British,USA,Christian,Fake
Cormac,Murphy,Female,Jewish,USA,Christian,Fake
Deirdre,O'Shea,Female,"English, Irish, Scottish, Welsh",USA,Unknown,Fake
Dermot,Lynch,Female,Italian,USA,Christian,Fake
Eamon,O'Brien,Female,Cuban-American,USA,Unknown,Fake
Eileen,Kelly,Female,White American,USA,Unknown,Fake
Fionnuala,O'Connell,Female,Swiss-American,USA,Unknown,Fake
Garret,Flynn,Female,Indian-American,USA,Christian,Fake
Grainne,Walsh,Male,"Mexican, Italian",USA,Christian,Fake
Iain,O'Neill,Male,Mexican-American,USA,Christian,Fake
Kieran,Mccarthy,Male,Italian-American,USA,Christian,Fake
Liam,O'Malley,Male,Armenian-American,USA,Christian,Fake
Mairead,O'Reilly,Male,"Ashkenazi Jewish, Canadian",USA,Christian,Fake
Niamh,Brennan,Male,Irish-American,USA,Christian,Fake
Orla,Fitzgerald,Male,"Filipino, Puerto Rican, and Ashkenazi Jewish American",USA,Christian,Fake
Padraig,O'Donnell,Male,"English, Swiss, Creole, African American",USA,Christian,Fake
Ronan,O'Sullivan,Male,American - British,USA,Christian,Fake
Saoirse,Ryan,Male,"English, Scottish, Irish, German, Welsh",USA,Christian,Fake
Sean,O'Connor,Male,Portuguese-American,USA,Christian,Fake
Siobhan,Flynn,Male,Irish-American,USA,Christian,Fake
Tadhg,Gallagher,Male,"Dutch, Scottish, English, French",USA,Christian,Fake
Tara,Ryan,Male,German and Scottish,USA,Unknown,Fake
Tiernan,Byrne,Male,Irish and English,USA,Christian,Fake
Uilliam,Murphy,Male,"English, German, Swiss, Norwegian",USA,Christian,Fake
Una,Kennedy,Male,Irish-American,USA,Christian,Fake
Cillian,O'Malley,Male,British,USA,Christian,Fake
Fiachra,Mcdonagh,Male,African-American,USA,Christian,Fake
Eabha,Fitzpatrick,Male,Dutch,USA,Unknown,Fake
Eoin,Walsh,Male,"English, Irish, Scottish",USA,Unknown,Fake
Aine,O'Callaghan,Male,Austrian,USA,Unknown,Fake
Fergal,O'Leary,Male,Swedish,USA,Unknown,Fake
Padraic,O'Keefe,Male,Jewish,USA,Christian,Fake
Colm,Brennan,Male,Korean American,USA,Christian,Fake
Oisin,Lynch,Male,Greek-American,USA,Unknown,Fake
Aileen,Hayes,Male,White American,USA,Unknown,Fake
Ruairi,Doyle,Male,Irish-American,USA,Christian,Fake
Ciaran,Murphy,Male,"Panamanian, Mexican, European",USA,Jewish,Fake
Mairead,Gallagher,Male,Polish-American,USA,Atheist,Fake
Peadar,Fitzpatrick,Male,African-American,USA,Unknown,Fake
Siobhan,O'Malley,Male,"Irish, Scottish",USA,Unknown,Fake
Abdul Rahman,Al-Saud,Male,Hungarian-American,USA,Unknown,Fake
Ahmad,Hassan,Male,"African-American, Jewish",USA,Unknown,Fake
Aisha,Mahmoud,Male,"Ashkenazi Jewish, Czech, Swedish",USA,Christian,Fake
Ali,Ibrahim,Male,Turkish-American,USA,Jewish,Fake
Amira,Khalil,Male,Mexican-American,USA,Jewish,Fake
Anwar,Al-Maliki,Male,"English, Welsh, Scottish, Irish, German",USA,Atheist,Fake
Asma,Ahmed,Male,Italian and African American,USA,Unknown,Fake
Bassam,Saleh,Male,African-American,USA,Unknown,Fake
Dawood,Abdel Aziz,Male,African-American,USA,Unknown,Fake
Eman,Hamid,Male,"Dutch, English, Scottish",USA,Unknown,Fake
Fahad,Al-Thani,Male,African-American,USA,Unknown,Fake
Fatima,Ali,Male,Serbian-American,USA,Christian,Fake
Ghalia,Omar,Male,"African-American, Dominican and Trinidadian",USA,Christian,Fake
Hadiya,Khalid,Male,Ashkenazi Jewish,USA,Christian,Fake
Hani,Al-Hariri,Male,"Cajun , Ashkenazi Jewish",USA,Unknown,Fake
Hassan,Al-Rashid,Male,Barbadian,USA,Unknown,Fake
Ibrahim,Ali,Male,White American,USA,Jewish,Fake
Jamal,Abdul Aziz,Male,"German, Swiss, and English",USA,Unknown,Fake
Jassim,Al-Khalifa,Female,African-American,USA,Unknown,Fake
Kamal,Abdel Nasser,Female,English-American,USA,Unknown,Fake
Khalil,Al-Fahim,Female,Jewish-American,USA,Christian,Fake
Khawla,Abbas,Female,Italian,USA,Unknown,Fake
Layla,Khalifa,Female,British,USA,Christian,Fake
Majid,Al-Khalili,Female,"Ashkenazi Jewish, Canadian",USA,Atheist,Fake
Malak,Ali,Female,"Irish, German, and Portuguese",USA,Scientology,Fake
Mohamed,El-Sayed,Female,Nigerian-American,USA,Christian,Fake
Muna,Al-Hashemi,Female,"Swiss, German, Dutch, English, Irish",USA,Christian,Fake
Nada,Omar,Female,"English, Irish, Scottish, Welsh, German",USA,Pagan,Fake
Nadia,Mahmoud,Female,Peruvian American,USA,Jewish,Fake
Nasser,Al-Mansoori,Female,African-American,USA,Christian,Fake
Omar,Al-Farouk,Female,Irish-American,USA,Christian,Fake
Rania,Salah,Female,American,USA,Unknown,Fake
Rasha,Al-Faisal,Female,White American,USA,Unknown,Fake
Rawan,Abdullah,Female,"Irish, Italian",USA,Unknown,Fake
Saeed,Al-Maktoum,Female,"English, Scottish, Irish, French",USA,Christian,Fake
Sahar,Hassan,Female,Italian-American,USA,Christian,Fake
Salim,Al-Ajmi,Female,African-American,USA,Christian,Fake
Sameera,Abdul Rahman,Female,Italian-American,USA,Christian,Fake
Sara,Al-Breiki,Female,English,USA,Christian,Fake
Shahd,Al-Sharif,Female,White Canadian,USA,Christian,Fake
Tahira,Ahmed,Female,Colombian-American,USA,Christian,Fake
Tarek,Mahmoud,Female,"Ashkenazi Jewish, English, German",USA,Christian,Fake
Wafa,Al-Sabah,Female,"American, Ashkenazi Jewish",USA,Unknown,Fake
Yahya,Al-Sulaimi,Female,"Irish, English, Scottish, German",USA,Unknown,Fake
Yasmine,Al-Hashemi,Female,"Ashkenazi Jewish, Danish",USA,Christian,Fake
Youssef,Al-Qassim,Female,French-American,USA,Spiritualist,Fake
Zainab,Ali,Female,White American,USA,Atheist,Fake
Zaki,Abdel Nasser,Female,Caucasian,USA,Unknown,Fake
Ziad,Al-Awadi,Female,Scottish-American,USA,Unknown,Fake
Zohra,Khalid,Female,White American,USA,Jewish,Fake
Nancy,Lee,Male,Irish,USA,Muslim,Fake
